anomaly_type,競馬場,競走年月日,レース番号,detail
SOURCE_NO_RESULT,三条,19991222,1,
SOURCE_NO_RESULT,三条,19991222,2,
SOURCE_NO_RESULT,三条,19991222,3,
SOURCE_NO_RESULT,三条,19991222,4,
SOURCE_NO_RESULT,三条,19991222,5,
SOURCE_NO_RESULT,三条,19991222,6,
SOURCE_NO_RESULT,三条,19991222,7,
SOURCE_NO_RESULT,三条,19991222,8,
SOURCE_NO_RESULT,三条,19991222,9,
SOURCE_NO_RESULT,三条,19991223,1,
SOURCE_NO_RESULT,三条,19991223,10,
SOURCE_NO_RESULT,三条,19991223,2,
SOURCE_NO_RESULT,三条,19991223,3,
SOURCE_NO_RESULT,三条,19991223,4,
SOURCE_NO_RESULT,三条,19991223,5,
SOURCE_NO_RESULT,三条,19991223,6,
SOURCE_NO_RESULT,三条,19991223,7,
SOURCE_NO_RESULT,三条,19991223,8,
SOURCE_NO_RESULT,三条,19991223,9,
SOURCE_NO_RESULT,中京,20020103,1,
SOURCE_NO_RESULT,中京,20020103,10,
SOURCE_NO_RESULT,中京,20020103,11,
SOURCE_NO_RESULT,中京,20020103,2,
SOURCE_NO_RESULT,中京,20020103,3,
SOURCE_NO_RESULT,中京,20020103,4,
SOURCE_NO_RESULT,中京,20020103,5,
SOURCE_NO_RESULT,中京,20020103,6,
SOURCE_NO_RESULT,中京,20020103,7,
SOURCE_NO_RESULT,中京,20020103,8,
SOURCE_NO_RESULT,中京,20020103,9,
SOURCE_NO_RESULT,名古屋,19980922,10,
SOURCE_NO_RESULT,名古屋,19980922,11,
SOURCE_NO_RESULT,名古屋,19980922,9,
SOURCE_NO_RESULT,名古屋,20010821,1,
SOURCE_NO_RESULT,名古屋,20010821,10,
SOURCE_NO_RESULT,名古屋,20010821,2,
SOURCE_NO_RESULT,名古屋,20010821,3,
SOURCE_NO_RESULT,名古屋,20010821,4,
SOURCE_NO_RESULT,名古屋,20010821,5,
SOURCE_NO_RESULT,名古屋,20010821,6,
SOURCE_NO_RESULT,名古屋,20010821,7,
SOURCE_NO_RESULT,名古屋,20010821,8,
SOURCE_NO_RESULT,名古屋,20010821,9,
SOURCE_NO_RESULT,大井,20041210,1,
SOURCE_NO_RESULT,大井,20041210,10,
SOURCE_NO_RESULT,大井,20041210,11,
SOURCE_NO_RESULT,大井,20041210,2,
SOURCE_NO_RESULT,大井,20041210,3,
SOURCE_NO_RESULT,大井,20041210,4,
SOURCE_NO_RESULT,大井,20041210,5,
SOURCE_NO_RESULT,大井,20041210,6,
SOURCE_NO_RESULT,大井,20041210,7,
SOURCE_NO_RESULT,大井,20041210,8,
SOURCE_NO_RESULT,大井,20041210,9,
SOURCE_NO_RESULT,川崎,19980108,10,
SOURCE_NO_RESULT,川崎,19980108,11,
SOURCE_NO_RESULT,川崎,19980108,8,
SOURCE_NO_RESULT,川崎,19980108,9,
SOURCE_NO_RESULT,川崎,19980109,1,
SOURCE_NO_RESULT,川崎,19980109,10,
SOURCE_NO_RESULT,川崎,19980109,11,
SOURCE_NO_RESULT,川崎,19980109,2,
SOURCE_NO_RESULT,川崎,19980109,3,
SOURCE_NO_RESULT,川崎,19980109,4,
SOURCE_NO_RESULT,川崎,19980109,5,
SOURCE_NO_RESULT,川崎,19980109,6,
SOURCE_NO_RESULT,川崎,19980109,7,
SOURCE_NO_RESULT,川崎,19980109,8,
SOURCE_NO_RESULT,川崎,19980109,9,
SOURCE_NO_RESULT,川崎,20010127,1,
SOURCE_NO_RESULT,川崎,20010127,10,
SOURCE_NO_RESULT,川崎,20010127,11,
SOURCE_NO_RESULT,川崎,20010127,2,
SOURCE_NO_RESULT,川崎,20010127,3,
SOURCE_NO_RESULT,川崎,20010127,4,
SOURCE_NO_RESULT,川崎,20010127,5,
SOURCE_NO_RESULT,川崎,20010127,6,
SOURCE_NO_RESULT,川崎,20010127,7,
SOURCE_NO_RESULT,川崎,20010127,8,
SOURCE_NO_RESULT,川崎,20010127,9,
SOURCE_NO_RESULT,川崎,20020710,1,
SOURCE_NO_RESULT,川崎,20020710,10,
SOURCE_NO_RESULT,川崎,20020710,11,
SOURCE_NO_RESULT,川崎,20020710,2,
SOURCE_NO_RESULT,川崎,20020710,3,
SOURCE_NO_RESULT,川崎,20020710,4,
SOURCE_NO_RESULT,川崎,20020710,5,
SOURCE_NO_RESULT,川崎,20020710,6,
SOURCE_NO_RESULT,川崎,20020710,7,
SOURCE_NO_RESULT,川崎,20020710,8,
SOURCE_NO_RESULT,川崎,20020710,9,
SOURCE_NO_RESULT,新潟,20020104,10,
SOURCE_NO_RESULT,新潟,20020104,11,
SOURCE_NO_RESULT,新潟,20020104,3,
SOURCE_NO_RESULT,新潟,20020104,4,
SOURCE_NO_RESULT,新潟,20020104,5,
SOURCE_NO_RESULT,新潟,20020104,6,
SOURCE_NO_RESULT,新潟,20020104,7,
SOURCE_NO_RESULT,新潟,20020104,8,
SOURCE_NO_RESULT,新潟,20020104,9,
SOURCE_NO_RESULT,旭川,20030717,10,
SOURCE_NO_RESULT,旭川,20030717,11,
SOURCE_NO_RESULT,旭川,20030717,12,
SOURCE_NO_RESULT,浦和,19980115,1,
SOURCE_NO_RESULT,浦和,19980115,10,
SOURCE_NO_RESULT,浦和,19980115,11,
SOURCE_NO_RESULT,浦和,19980115,12,
SOURCE_NO_RESULT,浦和,19980115,2,
SOURCE_NO_RESULT,浦和,19980115,3,
SOURCE_NO_RESULT,浦和,19980115,4,
SOURCE_NO_RESULT,浦和,19980115,5,
SOURCE_NO_RESULT,浦和,19980115,6,
SOURCE_NO_RESULT,浦和,19980115,7,
SOURCE_NO_RESULT,浦和,19980115,8,
SOURCE_NO_RESULT,浦和,19980115,9,
SOURCE_NO_RESULT,浦和,19980116,10,
SOURCE_NO_RESULT,浦和,19980116,6,
SOURCE_NO_RESULT,浦和,19980116,7,
SOURCE_NO_RESULT,浦和,19980116,8,
SOURCE_NO_RESULT,浦和,19980116,9,
SOURCE_NO_RESULT,盛岡,19981123,10,
SOURCE_NO_RESULT,盛岡,19981123,11,
SOURCE_NO_RESULT,盛岡,19981123,6,
SOURCE_NO_RESULT,盛岡,19981123,7,
SOURCE_NO_RESULT,盛岡,19981123,8,
SOURCE_NO_RESULT,盛岡,19981123,9,
SOURCE_NO_RESULT,船橋,20010822,1,
SOURCE_NO_RESULT,船橋,20010822,10,
SOURCE_NO_RESULT,船橋,20010822,11,
SOURCE_NO_RESULT,船橋,20010822,12,
SOURCE_NO_RESULT,船橋,20010822,2,
SOURCE_NO_RESULT,船橋,20010822,3,
SOURCE_NO_RESULT,船橋,20010822,4,
SOURCE_NO_RESULT,船橋,20010822,5,
SOURCE_NO_RESULT,船橋,20010822,6,
SOURCE_NO_RESULT,船橋,20010822,7,
SOURCE_NO_RESULT,船橋,20010822,8,
SOURCE_NO_RESULT,船橋,20010822,9,
SOURCE_NO_RESULT,船橋,20020716,1,
SOURCE_NO_RESULT,船橋,20020716,10,
SOURCE_NO_RESULT,船橋,20020716,11,
SOURCE_NO_RESULT,船橋,20020716,12,
SOURCE_NO_RESULT,船橋,20020716,2,
SOURCE_NO_RESULT,船橋,20020716,3,
SOURCE_NO_RESULT,船橋,20020716,4,
SOURCE_NO_RESULT,船橋,20020716,5,
SOURCE_NO_RESULT,船橋,20020716,6,
SOURCE_NO_RESULT,船橋,20020716,7,
SOURCE_NO_RESULT,船橋,20020716,8,
SOURCE_NO_RESULT,船橋,20020716,9,
SOURCE_NO_RESULT,金沢,19990711,1,
SOURCE_NO_RESULT,金沢,19991221,10,
SOURCE_NO_RESULT,金沢,19991221,9,
SOURCE_NO_RESULT,金沢,20020108,1,
SOURCE_NO_RESULT,金沢,20020108,10,
SOURCE_NO_RESULT,金沢,20020108,2,
SOURCE_NO_RESULT,金沢,20020108,3,
SOURCE_NO_RESULT,金沢,20020108,4,
SOURCE_NO_RESULT,金沢,20020108,5,
SOURCE_NO_RESULT,金沢,20020108,6,
SOURCE_NO_RESULT,金沢,20020108,7,
SOURCE_NO_RESULT,金沢,20020108,8,
SOURCE_NO_RESULT,金沢,20020108,9,
SOURCE_NO_RESULT,金沢,20070624,1,
SOURCE_NO_RESULT,門別,19981112,1,
SOURCE_NO_RESULT,門別,19981112,2,
SOURCE_NO_RESULT,門別,19981117,2,
SOURCE_NO_RESULT,門別,19981117,3,
SOURCE_NO_RESULT,門別,19981117,4,
SOURCE_NO_RESULT,門別,19981117,5,
SOURCE_NO_RESULT,門別,19981117,6,
SOURCE_NO_RESULT,門別,19981117,7,
SOURCE_NO_RESULT,門別,19981117,8,
SOURCE_NO_RESULT,門別,19981117,9,
SOURCE_NO_RESULT,門別,19981119,1,
SOURCE_NO_RESULT,門別,19981119,2,
SOURCE_NO_RESULT,門別,19981119,3,
SOURCE_NO_RESULT,門別,19981119,4,
SOURCE_NO_RESULT,門別,19981119,5,
SOURCE_NO_RESULT,門別,19981119,6,
SOURCE_NO_RESULT,門別,19981119,7,
SOURCE_NO_RESULT,門別,19981119,8,
SOURCE_NO_RESULT,門別,19981119,9,
SOURCE_NO_RESULT,門別,19990505,1,
SOURCE_NO_RESULT,門別,19990505,2,
SOURCE_NO_RESULT,門別,19990505,3,
SOURCE_NO_RESULT,門別,19990505,4,
SOURCE_NO_RESULT,門別,19990505,5,
SOURCE_NO_RESULT,門別,19990505,6,
SOURCE_NO_RESULT,門別,19990505,7,
SOURCE_NO_RESULT,門別,19990505,8,
SOURCE_NO_RESULT,門別,19990505,9,
SOURCE_NO_RESULT,門別,19991130,1,
SOURCE_NO_RESULT,門別,19991130,2,
SOURCE_NO_RESULT,門別,19991130,3,
SOURCE_NO_RESULT,門別,19991130,4,
SOURCE_NO_RESULT,門別,19991130,5,
SOURCE_NO_RESULT,門別,19991130,6,
SOURCE_NO_RESULT,門別,19991130,7,
SOURCE_NO_RESULT,門別,19991130,8,
SOURCE_NO_RESULT,門別,19991207,1,
SOURCE_NO_RESULT,門別,19991207,2,
SOURCE_NO_RESULT,門別,19991207,3,
SOURCE_NO_RESULT,門別,19991207,4,
SOURCE_NO_RESULT,門別,19991207,5,
SOURCE_NO_RESULT,門別,19991207,6,
SOURCE_NO_RESULT,門別,19991207,7,
SOURCE_NO_RESULT,門別,19991207,8,
SOURCE_NO_RESULT,門別,19991208,1,
SOURCE_NO_RESULT,門別,19991208,10,
SOURCE_NO_RESULT,門別,19991208,2,
SOURCE_NO_RESULT,門別,19991208,3,
SOURCE_NO_RESULT,門別,19991208,4,
SOURCE_NO_RESULT,門別,19991208,5,
SOURCE_NO_RESULT,門別,19991208,6,
SOURCE_NO_RESULT,門別,19991208,7,
SOURCE_NO_RESULT,門別,19991208,8,
SOURCE_NO_RESULT,門別,19991208,9,
SOURCE_RACELIST_MISSING,園田,20180905,1,
SOURCE_RACELIST_MISSING,園田,20180905,10,
SOURCE_RACELIST_MISSING,園田,20180905,2,
SOURCE_RACELIST_MISSING,園田,20180905,3,
SOURCE_RACELIST_MISSING,園田,20180905,4,
SOURCE_RACELIST_MISSING,園田,20180905,5,
SOURCE_RACELIST_MISSING,園田,20180905,6,
SOURCE_RACELIST_MISSING,園田,20180905,7,
SOURCE_RACELIST_MISSING,園田,20180905,8,
SOURCE_RACELIST_MISSING,園田,20180905,9,
SOURCE_RACELIST_MISSING,園田,20180907,1,
SOURCE_RACELIST_MISSING,園田,20180907,10,
SOURCE_RACELIST_MISSING,園田,20180907,11,
SOURCE_RACELIST_MISSING,園田,20180907,12,
SOURCE_RACELIST_MISSING,園田,20180907,2,
SOURCE_RACELIST_MISSING,園田,20180907,3,
SOURCE_RACELIST_MISSING,園田,20180907,4,
SOURCE_RACELIST_MISSING,園田,20180907,5,
SOURCE_RACELIST_MISSING,園田,20180907,6,
SOURCE_RACELIST_MISSING,園田,20180907,7,
SOURCE_RACELIST_MISSING,園田,20180907,8,
SOURCE_RACELIST_MISSING,園田,20180907,9,
SOURCE_RACELIST_MISSING,帯広ば,20090613,5,
SOURCE_RACELIST_MISSING,帯広ば,20090613,8,
SOURCE_RACELIST_MISSING,笠松,20190618,1,
SOURCE_RACELIST_MISSING,笠松,20190618,10,
SOURCE_RACELIST_MISSING,笠松,20190618,2,
SOURCE_RACELIST_MISSING,笠松,20190618,3,
SOURCE_RACELIST_MISSING,笠松,20190618,4,
SOURCE_RACELIST_MISSING,笠松,20190618,5,
SOURCE_RACELIST_MISSING,笠松,20190618,6,
SOURCE_RACELIST_MISSING,笠松,20190618,7,
SOURCE_RACELIST_MISSING,笠松,20190618,8,
SOURCE_RACELIST_MISSING,笠松,20190618,9,
SOURCE_RACELIST_MISSING,笠松,20190619,1,
SOURCE_RACELIST_MISSING,笠松,20190619,10,
SOURCE_RACELIST_MISSING,笠松,20190619,2,
SOURCE_RACELIST_MISSING,笠松,20190619,3,
SOURCE_RACELIST_MISSING,笠松,20190619,4,
SOURCE_RACELIST_MISSING,笠松,20190619,5,
SOURCE_RACELIST_MISSING,笠松,20190619,6,
SOURCE_RACELIST_MISSING,笠松,20190619,7,
SOURCE_RACELIST_MISSING,笠松,20190619,8,
SOURCE_RACELIST_MISSING,笠松,20190619,9,
SOURCE_RACELIST_MISSING,笠松,20190620,1,
SOURCE_RACELIST_MISSING,笠松,20190620,10,
SOURCE_RACELIST_MISSING,笠松,20190620,11,
SOURCE_RACELIST_MISSING,笠松,20190620,2,
SOURCE_RACELIST_MISSING,笠松,20190620,3,
SOURCE_RACELIST_MISSING,笠松,20190620,4,
SOURCE_RACELIST_MISSING,笠松,20190620,5,
SOURCE_RACELIST_MISSING,笠松,20190620,6,
SOURCE_RACELIST_MISSING,笠松,20190620,7,
SOURCE_RACELIST_MISSING,笠松,20190620,8,
SOURCE_RACELIST_MISSING,笠松,20190620,9,
SOURCE_HORSELIST_MISSING,姫路,20001109,1,
SOURCE_HORSELIST_MISSING,姫路,20001109,10,
SOURCE_HORSELIST_MISSING,姫路,20001109,2,
SOURCE_HORSELIST_MISSING,姫路,20001109,3,
SOURCE_HORSELIST_MISSING,姫路,20001109,4,
SOURCE_HORSELIST_MISSING,姫路,20001109,5,
SOURCE_HORSELIST_MISSING,姫路,20001109,6,
SOURCE_HORSELIST_MISSING,姫路,20001109,7,
SOURCE_HORSELIST_MISSING,姫路,20001109,8,
SOURCE_HORSELIST_MISSING,姫路,20001109,9,
PAYBACK_MULTIROW,三条,19990919,8,source_rows=2
PAYBACK_MULTIROW,三条,19991029,5,source_rows=2
PAYBACK_MULTIROW,三条,19991218,9,source_rows=2
PAYBACK_MULTIROW,上山,19980622,2,source_rows=2
PAYBACK_MULTIROW,上山,19980921,2,source_rows=2
PAYBACK_MULTIROW,上山,19990511,3,source_rows=2
PAYBACK_MULTIROW,上山,19990914,9,source_rows=2
PAYBACK_MULTIROW,上山,19990915,7,source_rows=2
PAYBACK_MULTIROW,上山,19990928,6,source_rows=2
PAYBACK_MULTIROW,上山,19991003,5,source_rows=2
PAYBACK_MULTIROW,上山,19991019,6,source_rows=2
PAYBACK_MULTIROW,上山,19991101,5,source_rows=2
PAYBACK_MULTIROW,上山,19991123,8,source_rows=2
PAYBACK_MULTIROW,上山,19991129,7,source_rows=2
PAYBACK_MULTIROW,上山,19991212,6,source_rows=2
PAYBACK_MULTIROW,上山,20000926,5,source_rows=2
PAYBACK_MULTIROW,上山,20001015,4,source_rows=2
PAYBACK_MULTIROW,上山,20010417,6,source_rows=2
PAYBACK_MULTIROW,上山,20010527,2,source_rows=2
PAYBACK_MULTIROW,上山,20010527,6,source_rows=2
PAYBACK_MULTIROW,上山,20010930,3,source_rows=2
PAYBACK_MULTIROW,上山,20011002,9,source_rows=2
PAYBACK_MULTIROW,上山,20020430,5,source_rows=2
PAYBACK_MULTIROW,上山,20020505,9,source_rows=2
PAYBACK_MULTIROW,上山,20020603,9,source_rows=2
PAYBACK_MULTIROW,上山,20020730,11,source_rows=2
PAYBACK_MULTIROW,上山,20021022,4,source_rows=2
PAYBACK_MULTIROW,上山,20021103,9,source_rows=2
PAYBACK_MULTIROW,上山,20021209,7,source_rows=2
PAYBACK_MULTIROW,上山,20030413,8,source_rows=2
PAYBACK_MULTIROW,上山,20030622,6,source_rows=2
PAYBACK_MULTIROW,中京,19990102,1,source_rows=2
PAYBACK_MULTIROW,中京,20010102,7,source_rows=2
PAYBACK_MULTIROW,中京,20020102,4,source_rows=2
PAYBACK_MULTIROW,中津,19980101,4,source_rows=2
PAYBACK_MULTIROW,中津,19980222,2,source_rows=2
PAYBACK_MULTIROW,中津,19980803,5,source_rows=2
PAYBACK_MULTIROW,中津,19980823,7,source_rows=2
PAYBACK_MULTIROW,中津,19980920,10,source_rows=2
PAYBACK_MULTIROW,中津,19990125,4,source_rows=2
PAYBACK_MULTIROW,中津,19990220,2,source_rows=2
PAYBACK_MULTIROW,中津,19991011,2,source_rows=2
PAYBACK_MULTIROW,中津,20000204,10,source_rows=2
PAYBACK_MULTIROW,中津,20000415,3,source_rows=2
PAYBACK_MULTIROW,中津,20000615,4,source_rows=2
PAYBACK_MULTIROW,佐賀,19980215,6,source_rows=2
PAYBACK_MULTIROW,佐賀,19980802,4,source_rows=2
PAYBACK_MULTIROW,佐賀,19981102,2,source_rows=2
PAYBACK_MULTIROW,佐賀,19981128,5,source_rows=2
PAYBACK_MULTIROW,佐賀,19990116,2,source_rows=2
PAYBACK_MULTIROW,佐賀,19990314,2,source_rows=2
PAYBACK_MULTIROW,佐賀,19990314,7,source_rows=2
PAYBACK_MULTIROW,佐賀,19990321,8,source_rows=2
PAYBACK_MULTIROW,佐賀,19990410,7,source_rows=2
PAYBACK_MULTIROW,佐賀,19990515,9,source_rows=2
PAYBACK_MULTIROW,佐賀,19990530,9,source_rows=2
PAYBACK_MULTIROW,佐賀,19990606,7,source_rows=2
PAYBACK_MULTIROW,佐賀,19990719,6,source_rows=2
PAYBACK_MULTIROW,佐賀,19990724,1,source_rows=2
PAYBACK_MULTIROW,佐賀,19990801,5,source_rows=2
PAYBACK_MULTIROW,佐賀,19990815,9,source_rows=2
PAYBACK_MULTIROW,佐賀,19990822,4,source_rows=2
PAYBACK_MULTIROW,佐賀,19990904,9,source_rows=2
PAYBACK_MULTIROW,佐賀,19990923,6,source_rows=2
PAYBACK_MULTIROW,佐賀,20000131,8,source_rows=2
PAYBACK_MULTIROW,佐賀,20000318,10,source_rows=2
PAYBACK_MULTIROW,佐賀,20000325,7,source_rows=2
PAYBACK_MULTIROW,佐賀,20000507,8,source_rows=2
PAYBACK_MULTIROW,佐賀,20000521,5,source_rows=2
PAYBACK_MULTIROW,佐賀,20000620,10,source_rows=2
PAYBACK_MULTIROW,佐賀,20000728,2,source_rows=2
PAYBACK_MULTIROW,佐賀,20001001,11,source_rows=2
PAYBACK_MULTIROW,佐賀,20010714,6,source_rows=2
PAYBACK_MULTIROW,佐賀,20010924,8,source_rows=2
PAYBACK_MULTIROW,佐賀,20011114,9,source_rows=2
PAYBACK_MULTIROW,佐賀,20011201,2,source_rows=2
PAYBACK_MULTIROW,佐賀,20020106,9,source_rows=2
PAYBACK_MULTIROW,佐賀,20020219,4,source_rows=2
PAYBACK_MULTIROW,佐賀,20020224,9,source_rows=2
PAYBACK_MULTIROW,佐賀,20020325,4,source_rows=2
PAYBACK_MULTIROW,佐賀,20020526,5,source_rows=2
PAYBACK_MULTIROW,佐賀,20020824,4,source_rows=2
PAYBACK_MULTIROW,佐賀,20021026,10,source_rows=2
PAYBACK_MULTIROW,佐賀,20021110,3,source_rows=2
PAYBACK_MULTIROW,佐賀,20021207,6,source_rows=2
PAYBACK_MULTIROW,佐賀,20021214,8,source_rows=2
PAYBACK_MULTIROW,佐賀,20030223,8,source_rows=2
PAYBACK_MULTIROW,佐賀,20030705,4,source_rows=2
PAYBACK_MULTIROW,佐賀,20031101,9,source_rows=2
PAYBACK_MULTIROW,佐賀,20031123,7,source_rows=2
PAYBACK_MULTIROW,佐賀,20031223,4,source_rows=2
PAYBACK_MULTIROW,佐賀,20031228,6,source_rows=2
PAYBACK_MULTIROW,佐賀,20040329,3,source_rows=2
PAYBACK_MULTIROW,佐賀,20040329,4,source_rows=2
PAYBACK_MULTIROW,佐賀,20040410,9,source_rows=2
PAYBACK_MULTIROW,佐賀,20040704,8,source_rows=2
PAYBACK_MULTIROW,佐賀,20040725,4,source_rows=2
PAYBACK_MULTIROW,佐賀,20040801,8,source_rows=2
PAYBACK_MULTIROW,佐賀,20041023,9,source_rows=2
PAYBACK_MULTIROW,佐賀,20050116,6,source_rows=2
PAYBACK_MULTIROW,佐賀,20050129,1,source_rows=2
PAYBACK_MULTIROW,佐賀,20050221,5,source_rows=2
PAYBACK_MULTIROW,佐賀,20050228,4,source_rows=2
PAYBACK_MULTIROW,佐賀,20050827,5,source_rows=2
PAYBACK_MULTIROW,佐賀,20050911,5,source_rows=2
PAYBACK_MULTIROW,佐賀,20050924,4,source_rows=2
PAYBACK_MULTIROW,佐賀,20061022,6,source_rows=2
PAYBACK_MULTIROW,佐賀,20061209,6,source_rows=2
PAYBACK_MULTIROW,佐賀,20070104,6,source_rows=2
PAYBACK_MULTIROW,佐賀,20070108,8,source_rows=2
PAYBACK_MULTIROW,佐賀,20070421,3,source_rows=2
PAYBACK_MULTIROW,佐賀,20070504,5,source_rows=2
PAYBACK_MULTIROW,佐賀,20070506,3,source_rows=2
PAYBACK_MULTIROW,佐賀,20070721,8,source_rows=2
PAYBACK_MULTIROW,佐賀,20070815,7,source_rows=2
PAYBACK_MULTIROW,佐賀,20070901,1,source_rows=2
PAYBACK_MULTIROW,佐賀,20070909,1,source_rows=2
PAYBACK_MULTIROW,佐賀,20070929,3,source_rows=2
PAYBACK_MULTIROW,佐賀,20071006,6,source_rows=2
PAYBACK_MULTIROW,佐賀,20080315,1,source_rows=2
PAYBACK_MULTIROW,佐賀,20080426,3,source_rows=2
PAYBACK_MULTIROW,佐賀,20080504,7,source_rows=2
PAYBACK_MULTIROW,佐賀,20080608,1,source_rows=2
PAYBACK_MULTIROW,佐賀,20080705,4,source_rows=2
PAYBACK_MULTIROW,佐賀,20080706,9,source_rows=2
PAYBACK_MULTIROW,佐賀,20080824,8,source_rows=2
PAYBACK_MULTIROW,佐賀,20081018,4,source_rows=2
PAYBACK_MULTIROW,佐賀,20081130,1,source_rows=2
PAYBACK_MULTIROW,佐賀,20090110,6,source_rows=2
PAYBACK_MULTIROW,佐賀,20090221,7,source_rows=2
PAYBACK_MULTIROW,佐賀,20090613,10,source_rows=2
PAYBACK_MULTIROW,佐賀,20090906,9,source_rows=2
PAYBACK_MULTIROW,佐賀,20091129,2,source_rows=2
PAYBACK_MULTIROW,佐賀,20100117,2,source_rows=2
PAYBACK_MULTIROW,佐賀,20100220,7,source_rows=2
PAYBACK_MULTIROW,佐賀,20100313,9,source_rows=2
PAYBACK_MULTIROW,佐賀,20100411,10,source_rows=2
PAYBACK_MULTIROW,佐賀,20100529,3,source_rows=2
PAYBACK_MULTIROW,佐賀,20100619,6,source_rows=2
PAYBACK_MULTIROW,佐賀,20100704,5,source_rows=2
PAYBACK_MULTIROW,佐賀,20100731,10,source_rows=2
PAYBACK_MULTIROW,佐賀,20101107,4,source_rows=2
PAYBACK_MULTIROW,佐賀,20101114,10,source_rows=2
PAYBACK_MULTIROW,佐賀,20101121,5,source_rows=2
PAYBACK_MULTIROW,佐賀,20110219,8,source_rows=2
PAYBACK_MULTIROW,佐賀,20110306,5,source_rows=2
PAYBACK_MULTIROW,佐賀,20110313,9,source_rows=2
PAYBACK_MULTIROW,佐賀,20110828,3,source_rows=2
PAYBACK_MULTIROW,佐賀,20120121,3,source_rows=2
PAYBACK_MULTIROW,佐賀,20120304,8,source_rows=2
PAYBACK_MULTIROW,佐賀,20120430,10,source_rows=2
PAYBACK_MULTIROW,佐賀,20120504,8,source_rows=2
PAYBACK_MULTIROW,佐賀,20120512,7,source_rows=2
PAYBACK_MULTIROW,佐賀,20120708,8,source_rows=2
PAYBACK_MULTIROW,佐賀,20121104,7,source_rows=2
PAYBACK_MULTIROW,佐賀,20121202,3,source_rows=2
PAYBACK_MULTIROW,佐賀,20130103,4,source_rows=2
PAYBACK_MULTIROW,佐賀,20130106,9,source_rows=2
PAYBACK_MULTIROW,佐賀,20130203,11,source_rows=2
PAYBACK_MULTIROW,佐賀,20130316,1,source_rows=2
PAYBACK_MULTIROW,佐賀,20130317,11,source_rows=2
PAYBACK_MULTIROW,佐賀,20131214,8,source_rows=2
PAYBACK_MULTIROW,佐賀,20131231,8,source_rows=2
PAYBACK_MULTIROW,佐賀,20140308,3,source_rows=2
PAYBACK_MULTIROW,佐賀,20140309,11,source_rows=2
PAYBACK_MULTIROW,佐賀,20140525,7,source_rows=2
PAYBACK_MULTIROW,佐賀,20140720,9,source_rows=2
PAYBACK_MULTIROW,佐賀,20140810,10,source_rows=2
PAYBACK_MULTIROW,佐賀,20140819,6,source_rows=2
PAYBACK_MULTIROW,佐賀,20140824,6,source_rows=2
PAYBACK_MULTIROW,佐賀,20141004,8,source_rows=2
PAYBACK_MULTIROW,佐賀,20141102,5,source_rows=2
PAYBACK_MULTIROW,佐賀,20141206,9,source_rows=2
PAYBACK_MULTIROW,佐賀,20150308,3,source_rows=2
PAYBACK_MULTIROW,佐賀,20150314,11,source_rows=2
PAYBACK_MULTIROW,佐賀,20150329,7,source_rows=2
PAYBACK_MULTIROW,佐賀,20150510,2,source_rows=2
PAYBACK_MULTIROW,佐賀,20150614,5,source_rows=2
PAYBACK_MULTIROW,佐賀,20150628,9,source_rows=2
PAYBACK_MULTIROW,佐賀,20150801,6,source_rows=2
PAYBACK_MULTIROW,佐賀,20160220,8,source_rows=2
PAYBACK_MULTIROW,佐賀,20160227,8,source_rows=2
PAYBACK_MULTIROW,佐賀,20160327,1,source_rows=2
PAYBACK_MULTIROW,佐賀,20160403,2,source_rows=2
PAYBACK_MULTIROW,佐賀,20161022,6,source_rows=2
PAYBACK_MULTIROW,佐賀,20170204,9,source_rows=2
PAYBACK_MULTIROW,佐賀,20170326,6,source_rows=2
PAYBACK_MULTIROW,佐賀,20170521,5,source_rows=2
PAYBACK_MULTIROW,佐賀,20170620,3,source_rows=2
PAYBACK_MULTIROW,佐賀,20180412,10,source_rows=2
PAYBACK_MULTIROW,佐賀,20180422,8,source_rows=2
PAYBACK_MULTIROW,佐賀,20180527,1,source_rows=2
PAYBACK_MULTIROW,佐賀,20180911,11,source_rows=2
PAYBACK_MULTIROW,佐賀,20181201,1,source_rows=2
PAYBACK_MULTIROW,佐賀,20190505,10,source_rows=2
PAYBACK_MULTIROW,佐賀,20190824,12,source_rows=2
PAYBACK_MULTIROW,佐賀,20191026,7,source_rows=2
PAYBACK_MULTIROW,佐賀,20191103,11,source_rows=2
PAYBACK_MULTIROW,佐賀,20200105,7,source_rows=2
PAYBACK_MULTIROW,佐賀,20200405,10,source_rows=2
PAYBACK_MULTIROW,佐賀,20200418,4,source_rows=2
PAYBACK_MULTIROW,佐賀,20200502,8,source_rows=2
PAYBACK_MULTIROW,佐賀,20200516,6,source_rows=2
PAYBACK_MULTIROW,佐賀,20200607,4,source_rows=2
PAYBACK_MULTIROW,佐賀,20201206,4,source_rows=2
PAYBACK_MULTIROW,佐賀,20210131,4,source_rows=2
PAYBACK_MULTIROW,佐賀,20210320,6,source_rows=2
PAYBACK_MULTIROW,佐賀,20210905,9,source_rows=2
PAYBACK_MULTIROW,佐賀,20210926,5,source_rows=2
PAYBACK_MULTIROW,佐賀,20211003,6,source_rows=2
PAYBACK_MULTIROW,佐賀,20211010,3,source_rows=2
PAYBACK_MULTIROW,佐賀,20211030,2,source_rows=2
PAYBACK_MULTIROW,佐賀,20211128,8,source_rows=2
PAYBACK_MULTIROW,佐賀,20220129,4,source_rows=2
PAYBACK_MULTIROW,佐賀,20220219,5,source_rows=2
PAYBACK_MULTIROW,佐賀,20220219,7,source_rows=2
PAYBACK_MULTIROW,佐賀,20220220,9,source_rows=2
PAYBACK_MULTIROW,佐賀,20220313,4,source_rows=2
PAYBACK_MULTIROW,佐賀,20220416,5,source_rows=2
PAYBACK_MULTIROW,佐賀,20220529,3,source_rows=2
PAYBACK_MULTIROW,佐賀,20220611,2,source_rows=2
PAYBACK_MULTIROW,佐賀,20220807,5,source_rows=2
PAYBACK_MULTIROW,佐賀,20220917,3,source_rows=2
PAYBACK_MULTIROW,佐賀,20221204,11,source_rows=2
PAYBACK_MULTIROW,佐賀,20230209,7,source_rows=2
PAYBACK_MULTIROW,佐賀,20230605,10,source_rows=2
PAYBACK_MULTIROW,佐賀,20230826,1,source_rows=2
PAYBACK_MULTIROW,佐賀,20240127,2,source_rows=2
PAYBACK_MULTIROW,佐賀,20240127,9,source_rows=2
PAYBACK_MULTIROW,佐賀,20240518,3,source_rows=2
PAYBACK_MULTIROW,佐賀,20240608,3,source_rows=2
PAYBACK_MULTIROW,佐賀,20240616,7,source_rows=2
PAYBACK_MULTIROW,佐賀,20240714,6,source_rows=2
PAYBACK_MULTIROW,佐賀,20240811,8,source_rows=2
PAYBACK_MULTIROW,佐賀,20240908,7,source_rows=2
PAYBACK_MULTIROW,佐賀,20241118,1,source_rows=2
PAYBACK_MULTIROW,佐賀,20250119,8,source_rows=2
PAYBACK_MULTIROW,佐賀,20250123,9,source_rows=2
PAYBACK_MULTIROW,佐賀,20250308,5,source_rows=2
PAYBACK_MULTIROW,佐賀,20250524,7,source_rows=2
PAYBACK_MULTIROW,佐賀,20250904,8,source_rows=2
PAYBACK_MULTIROW,佐賀,20250920,6,source_rows=2
PAYBACK_MULTIROW,佐賀,20251227,3,source_rows=2
PAYBACK_MULTIROW,佐賀,20260320,7,source_rows=2
PAYBACK_MULTIROW,佐賀,20260412,10,source_rows=2
PAYBACK_MULTIROW,佐賀,20260705,8,source_rows=2
PAYBACK_MULTIROW,佐賀,20260718,4,source_rows=2
PAYBACK_MULTIROW,北見ば,19980606,7,source_rows=2
PAYBACK_MULTIROW,北見ば,19981103,8,source_rows=2
PAYBACK_MULTIROW,北見ば,19990530,1,source_rows=2
PAYBACK_MULTIROW,北見ば,19990605,5,source_rows=2
PAYBACK_MULTIROW,北見ば,20011027,4,source_rows=2
PAYBACK_MULTIROW,北見ば,20011104,5,source_rows=2
PAYBACK_MULTIROW,北見ば,20011110,8,source_rows=2
PAYBACK_MULTIROW,北見ば,20031012,6,source_rows=2
PAYBACK_MULTIROW,北見ば,20031026,2,source_rows=2
PAYBACK_MULTIROW,北見ば,20041009,12,source_rows=2
PAYBACK_MULTIROW,北見ば,20051112,1,source_rows=2
PAYBACK_MULTIROW,北見ば,20051126,7,source_rows=2
PAYBACK_MULTIROW,北見ば,20061015,6,source_rows=2
PAYBACK_MULTIROW,北見ば,20061111,1,source_rows=2
PAYBACK_MULTIROW,名古屋,19980122,6,source_rows=2
PAYBACK_MULTIROW,名古屋,19980629,9,source_rows=2
PAYBACK_MULTIROW,名古屋,19981103,8,source_rows=2
PAYBACK_MULTIROW,名古屋,19981117,5,source_rows=2
PAYBACK_MULTIROW,名古屋,19981208,7,source_rows=2
PAYBACK_MULTIROW,名古屋,19990203,8,source_rows=2
PAYBACK_MULTIROW,名古屋,19990305,8,source_rows=2
PAYBACK_MULTIROW,名古屋,19990321,5,source_rows=2
PAYBACK_MULTIROW,名古屋,19990330,10,source_rows=2
PAYBACK_MULTIROW,名古屋,19990507,7,source_rows=2
PAYBACK_MULTIROW,名古屋,19990610,7,source_rows=2
PAYBACK_MULTIROW,名古屋,19990709,10,source_rows=2
PAYBACK_MULTIROW,名古屋,19990720,3,source_rows=2
PAYBACK_MULTIROW,名古屋,19990817,7,source_rows=2
PAYBACK_MULTIROW,名古屋,19990908,9,source_rows=2
PAYBACK_MULTIROW,名古屋,19991008,1,source_rows=2
PAYBACK_MULTIROW,名古屋,19991022,7,source_rows=2
PAYBACK_MULTIROW,名古屋,19991221,7,source_rows=2
PAYBACK_MULTIROW,名古屋,20000130,5,source_rows=2
PAYBACK_MULTIROW,名古屋,20000227,8,source_rows=2
PAYBACK_MULTIROW,名古屋,20000330,4,source_rows=2
PAYBACK_MULTIROW,名古屋,20000706,2,source_rows=2
PAYBACK_MULTIROW,名古屋,20000724,8,source_rows=2
PAYBACK_MULTIROW,名古屋,20000809,1,source_rows=2
PAYBACK_MULTIROW,名古屋,20001005,2,source_rows=2
PAYBACK_MULTIROW,名古屋,20001013,5,source_rows=2
PAYBACK_MULTIROW,名古屋,20001030,11,source_rows=2
PAYBACK_MULTIROW,名古屋,20001204,4,source_rows=2
PAYBACK_MULTIROW,名古屋,20001205,3,source_rows=2
PAYBACK_MULTIROW,名古屋,20010410,9,source_rows=2
PAYBACK_MULTIROW,名古屋,20010416,10,source_rows=2
PAYBACK_MULTIROW,名古屋,20010419,6,source_rows=2
PAYBACK_MULTIROW,名古屋,20010502,10,source_rows=2
PAYBACK_MULTIROW,名古屋,20010511,7,source_rows=2
PAYBACK_MULTIROW,名古屋,20010607,4,source_rows=2
PAYBACK_MULTIROW,名古屋,20010705,5,source_rows=2
PAYBACK_MULTIROW,名古屋,20011008,3,source_rows=2
PAYBACK_MULTIROW,名古屋,20011025,9,source_rows=2
PAYBACK_MULTIROW,名古屋,20011026,1,source_rows=2
PAYBACK_MULTIROW,名古屋,20011101,6,source_rows=2
PAYBACK_MULTIROW,名古屋,20011119,7,source_rows=2
PAYBACK_MULTIROW,名古屋,20011211,11,source_rows=2
PAYBACK_MULTIROW,名古屋,20011226,11,source_rows=2
PAYBACK_MULTIROW,名古屋,20011227,3,source_rows=2
PAYBACK_MULTIROW,名古屋,20020116,7,source_rows=2
PAYBACK_MULTIROW,名古屋,20020129,10,source_rows=2
PAYBACK_MULTIROW,名古屋,20020204,11,source_rows=2
PAYBACK_MULTIROW,名古屋,20020305,12,source_rows=2
PAYBACK_MULTIROW,名古屋,20020311,3,source_rows=2
PAYBACK_MULTIROW,名古屋,20020325,2,source_rows=2
PAYBACK_MULTIROW,名古屋,20020508,10,source_rows=2
PAYBACK_MULTIROW,名古屋,20020802,5,source_rows=2
PAYBACK_MULTIROW,名古屋,20020819,4,source_rows=2
PAYBACK_MULTIROW,名古屋,20020920,4,source_rows=2
PAYBACK_MULTIROW,名古屋,20021028,9,source_rows=2
PAYBACK_MULTIROW,名古屋,20021129,3,source_rows=2
PAYBACK_MULTIROW,名古屋,20030324,11,source_rows=2
PAYBACK_MULTIROW,名古屋,20030514,3,source_rows=2
PAYBACK_MULTIROW,名古屋,20030609,11,source_rows=2
PAYBACK_MULTIROW,名古屋,20030610,7,source_rows=2
PAYBACK_MULTIROW,名古屋,20030703,4,source_rows=2
PAYBACK_MULTIROW,名古屋,20031007,8,source_rows=2
PAYBACK_MULTIROW,名古屋,20031031,9,source_rows=2
PAYBACK_MULTIROW,名古屋,20031203,4,source_rows=2
PAYBACK_MULTIROW,名古屋,20040128,3,source_rows=2
PAYBACK_MULTIROW,名古屋,20040824,9,source_rows=2
PAYBACK_MULTIROW,名古屋,20040825,9,source_rows=2
PAYBACK_MULTIROW,名古屋,20041029,6,source_rows=2
PAYBACK_MULTIROW,名古屋,20050314,11,source_rows=2
PAYBACK_MULTIROW,名古屋,20050314,8,source_rows=2
PAYBACK_MULTIROW,名古屋,20050504,2,source_rows=2
PAYBACK_MULTIROW,名古屋,20050812,1,source_rows=2
PAYBACK_MULTIROW,名古屋,20060130,10,source_rows=2
PAYBACK_MULTIROW,名古屋,20060410,3,source_rows=2
PAYBACK_MULTIROW,名古屋,20060606,2,source_rows=2
PAYBACK_MULTIROW,名古屋,20061010,4,source_rows=2
PAYBACK_MULTIROW,名古屋,20061207,10,source_rows=2
PAYBACK_MULTIROW,名古屋,20070117,3,source_rows=2
PAYBACK_MULTIROW,名古屋,20070131,10,source_rows=2
PAYBACK_MULTIROW,名古屋,20070411,11,source_rows=2
PAYBACK_MULTIROW,名古屋,20070510,9,source_rows=2
PAYBACK_MULTIROW,名古屋,20070906,7,source_rows=2
PAYBACK_MULTIROW,名古屋,20071219,9,source_rows=2
PAYBACK_MULTIROW,名古屋,20080130,1,source_rows=2
PAYBACK_MULTIROW,名古屋,20080219,10,source_rows=2
PAYBACK_MULTIROW,名古屋,20080430,9,source_rows=2
PAYBACK_MULTIROW,名古屋,20080717,9,source_rows=2
PAYBACK_MULTIROW,名古屋,20080904,1,source_rows=2
PAYBACK_MULTIROW,名古屋,20090505,3,source_rows=2
PAYBACK_MULTIROW,名古屋,20090602,6,source_rows=2
PAYBACK_MULTIROW,名古屋,20090605,4,source_rows=2
PAYBACK_MULTIROW,名古屋,20090617,6,source_rows=2
PAYBACK_MULTIROW,名古屋,20091202,3,source_rows=2
PAYBACK_MULTIROW,名古屋,20091203,11,source_rows=2
PAYBACK_MULTIROW,名古屋,20091207,5,source_rows=2
PAYBACK_MULTIROW,名古屋,20100126,1,source_rows=2
PAYBACK_MULTIROW,名古屋,20100203,4,source_rows=2
PAYBACK_MULTIROW,名古屋,20100325,3,source_rows=2
PAYBACK_MULTIROW,名古屋,20100521,6,source_rows=2
PAYBACK_MULTIROW,名古屋,20100601,4,source_rows=2
PAYBACK_MULTIROW,名古屋,20100727,5,source_rows=2
PAYBACK_MULTIROW,名古屋,20100728,4,source_rows=2
PAYBACK_MULTIROW,名古屋,20101021,4,source_rows=2
PAYBACK_MULTIROW,名古屋,20101022,1,source_rows=2
PAYBACK_MULTIROW,名古屋,20110516,9,source_rows=2
PAYBACK_MULTIROW,名古屋,20110824,9,source_rows=2
PAYBACK_MULTIROW,名古屋,20111007,4,source_rows=2
PAYBACK_MULTIROW,名古屋,20111017,3,source_rows=2
PAYBACK_MULTIROW,名古屋,20111017,6,source_rows=2
PAYBACK_MULTIROW,名古屋,20111208,8,source_rows=2
PAYBACK_MULTIROW,名古屋,20120117,8,source_rows=2
PAYBACK_MULTIROW,名古屋,20120118,7,source_rows=2
PAYBACK_MULTIROW,名古屋,20120622,6,source_rows=2
PAYBACK_MULTIROW,名古屋,20120706,10,source_rows=2
PAYBACK_MULTIROW,名古屋,20121219,3,source_rows=2
PAYBACK_MULTIROW,名古屋,20130308,6,source_rows=2
PAYBACK_MULTIROW,名古屋,20130404,8,source_rows=2
PAYBACK_MULTIROW,名古屋,20130715,10,source_rows=2
PAYBACK_MULTIROW,名古屋,20131127,10,source_rows=2
PAYBACK_MULTIROW,名古屋,20140128,6,source_rows=2
PAYBACK_MULTIROW,名古屋,20140519,8,source_rows=2
PAYBACK_MULTIROW,名古屋,20140605,5,source_rows=2
PAYBACK_MULTIROW,名古屋,20140806,9,source_rows=2
PAYBACK_MULTIROW,名古屋,20141022,11,source_rows=2
PAYBACK_MULTIROW,名古屋,20150114,3,source_rows=2
PAYBACK_MULTIROW,名古屋,20150423,4,source_rows=2
PAYBACK_MULTIROW,名古屋,20151021,9,source_rows=2
PAYBACK_MULTIROW,名古屋,20151204,11,source_rows=2
PAYBACK_MULTIROW,名古屋,20160202,8,source_rows=2
PAYBACK_MULTIROW,名古屋,20160329,1,source_rows=2
PAYBACK_MULTIROW,名古屋,20160802,6,source_rows=2
PAYBACK_MULTIROW,名古屋,20160921,12,source_rows=2
PAYBACK_MULTIROW,名古屋,20161117,7,source_rows=2
PAYBACK_MULTIROW,名古屋,20161202,10,source_rows=2
PAYBACK_MULTIROW,名古屋,20170202,9,source_rows=2
PAYBACK_MULTIROW,名古屋,20170217,7,source_rows=2
PAYBACK_MULTIROW,名古屋,20170227,7,source_rows=2
PAYBACK_MULTIROW,名古屋,20170313,8,source_rows=2
PAYBACK_MULTIROW,名古屋,20180328,10,source_rows=2
PAYBACK_MULTIROW,名古屋,20180515,12,source_rows=2
PAYBACK_MULTIROW,名古屋,20180705,1,source_rows=2
PAYBACK_MULTIROW,名古屋,20181102,8,source_rows=2
PAYBACK_MULTIROW,名古屋,20181115,10,source_rows=2
PAYBACK_MULTIROW,名古屋,20181219,3,source_rows=2
PAYBACK_MULTIROW,名古屋,20191220,2,source_rows=2
PAYBACK_MULTIROW,名古屋,20200709,3,source_rows=2
PAYBACK_MULTIROW,名古屋,20210104,8,source_rows=2
PAYBACK_MULTIROW,名古屋,20210211,9,source_rows=2
PAYBACK_MULTIROW,名古屋,20210503,7,source_rows=2
PAYBACK_MULTIROW,名古屋,20210616,5,source_rows=2
PAYBACK_MULTIROW,名古屋,20210917,4,source_rows=2
PAYBACK_MULTIROW,名古屋,20220214,10,source_rows=2
PAYBACK_MULTIROW,名古屋,20220302,12,source_rows=2
PAYBACK_MULTIROW,名古屋,20220621,4,source_rows=2
PAYBACK_MULTIROW,名古屋,20220930,1,source_rows=2
PAYBACK_MULTIROW,名古屋,20230118,2,source_rows=2
PAYBACK_MULTIROW,名古屋,20230131,9,source_rows=2
PAYBACK_MULTIROW,名古屋,20230301,8,source_rows=2
PAYBACK_MULTIROW,名古屋,20230519,12,source_rows=2
PAYBACK_MULTIROW,名古屋,20230727,3,source_rows=2
PAYBACK_MULTIROW,名古屋,20231106,4,source_rows=2
PAYBACK_MULTIROW,名古屋,20240105,9,source_rows=2
PAYBACK_MULTIROW,名古屋,20240531,1,source_rows=2
PAYBACK_MULTIROW,名古屋,20240625,11,source_rows=2
PAYBACK_MULTIROW,名古屋,20241219,10,source_rows=2
PAYBACK_MULTIROW,名古屋,20241219,4,source_rows=2
PAYBACK_MULTIROW,名古屋,20250102,3,source_rows=2
PAYBACK_MULTIROW,名古屋,20250409,12,source_rows=2
PAYBACK_MULTIROW,名古屋,20250509,11,source_rows=2
PAYBACK_MULTIROW,名古屋,20251031,4,source_rows=2
PAYBACK_MULTIROW,名古屋,20251110,2,source_rows=2
PAYBACK_MULTIROW,園田,19980514,10,source_rows=2
PAYBACK_MULTIROW,園田,19980623,7,source_rows=2
PAYBACK_MULTIROW,園田,19980814,3,source_rows=2
PAYBACK_MULTIROW,園田,19980819,10,source_rows=2
PAYBACK_MULTIROW,園田,19980901,3,source_rows=2
PAYBACK_MULTIROW,園田,19981201,11,source_rows=2
PAYBACK_MULTIROW,園田,19981209,8,source_rows=2
PAYBACK_MULTIROW,園田,19990112,6,source_rows=2
PAYBACK_MULTIROW,園田,19990406,11,source_rows=2
PAYBACK_MULTIROW,園田,19990429,6,source_rows=2
PAYBACK_MULTIROW,園田,19990511,3,source_rows=2
PAYBACK_MULTIROW,園田,19990603,10,source_rows=2
PAYBACK_MULTIROW,園田,19990901,8,source_rows=2
PAYBACK_MULTIROW,園田,19991012,10,source_rows=2
PAYBACK_MULTIROW,園田,19991013,5,source_rows=2
PAYBACK_MULTIROW,園田,19991130,10,source_rows=2
PAYBACK_MULTIROW,園田,19991207,7,source_rows=2
PAYBACK_MULTIROW,園田,19991223,2,source_rows=2
PAYBACK_MULTIROW,園田,20000118,11,source_rows=2
PAYBACK_MULTIROW,園田,20000222,1,source_rows=2
PAYBACK_MULTIROW,園田,20000224,11,source_rows=2
PAYBACK_MULTIROW,園田,20000405,7,source_rows=2
PAYBACK_MULTIROW,園田,20000613,2,source_rows=2
PAYBACK_MULTIROW,園田,20000816,10,source_rows=2
PAYBACK_MULTIROW,園田,20000919,6,source_rows=2
PAYBACK_MULTIROW,園田,20001005,10,source_rows=2
PAYBACK_MULTIROW,園田,20001129,9,source_rows=2
PAYBACK_MULTIROW,園田,20001208,4,source_rows=2
PAYBACK_MULTIROW,園田,20001221,3,source_rows=2
PAYBACK_MULTIROW,園田,20010125,8,source_rows=2
PAYBACK_MULTIROW,園田,20010130,11,source_rows=2
PAYBACK_MULTIROW,園田,20010222,5,source_rows=2
PAYBACK_MULTIROW,園田,20010525,7,source_rows=2
PAYBACK_MULTIROW,園田,20010531,11,source_rows=2
PAYBACK_MULTIROW,園田,20010815,8,source_rows=2
PAYBACK_MULTIROW,園田,20010816,6,source_rows=2
PAYBACK_MULTIROW,園田,20010823,10,source_rows=2
PAYBACK_MULTIROW,園田,20010906,10,source_rows=2
PAYBACK_MULTIROW,園田,20011004,1,source_rows=2
PAYBACK_MULTIROW,園田,20020104,9,source_rows=2
PAYBACK_MULTIROW,園田,20020429,9,source_rows=2
PAYBACK_MULTIROW,園田,20020506,2,source_rows=2
PAYBACK_MULTIROW,園田,20020508,3,source_rows=2
PAYBACK_MULTIROW,園田,20020514,9,source_rows=2
PAYBACK_MULTIROW,園田,20020716,9,source_rows=2
PAYBACK_MULTIROW,園田,20020723,8,source_rows=2
PAYBACK_MULTIROW,園田,20020808,1,source_rows=2
PAYBACK_MULTIROW,園田,20020925,2,source_rows=2
PAYBACK_MULTIROW,園田,20020926,3,source_rows=2
PAYBACK_MULTIROW,園田,20021120,7,source_rows=2
PAYBACK_MULTIROW,園田,20021127,11,source_rows=2
PAYBACK_MULTIROW,園田,20021212,9,source_rows=2
PAYBACK_MULTIROW,園田,20030123,11,source_rows=2
PAYBACK_MULTIROW,園田,20030207,4,source_rows=2
PAYBACK_MULTIROW,園田,20030220,3,source_rows=2
PAYBACK_MULTIROW,園田,20030423,5,source_rows=2
PAYBACK_MULTIROW,園田,20030528,4,source_rows=2
PAYBACK_MULTIROW,園田,20030612,9,source_rows=2
PAYBACK_MULTIROW,園田,20030708,4,source_rows=2
PAYBACK_MULTIROW,園田,20031209,5,source_rows=2
PAYBACK_MULTIROW,園田,20040106,8,source_rows=2
PAYBACK_MULTIROW,園田,20040120,6,source_rows=2
PAYBACK_MULTIROW,園田,20040205,5,source_rows=2
PAYBACK_MULTIROW,園田,20040211,3,source_rows=2
PAYBACK_MULTIROW,園田,20040413,9,source_rows=2
PAYBACK_MULTIROW,園田,20040422,12,source_rows=2
PAYBACK_MULTIROW,園田,20040610,2,source_rows=2
PAYBACK_MULTIROW,園田,20041028,8,source_rows=2
PAYBACK_MULTIROW,園田,20041201,9,source_rows=2
PAYBACK_MULTIROW,園田,20041214,4,source_rows=2
PAYBACK_MULTIROW,園田,20041229,3,source_rows=2
PAYBACK_MULTIROW,園田,20050112,1,source_rows=2
PAYBACK_MULTIROW,園田,20050112,8,source_rows=2
PAYBACK_MULTIROW,園田,20050217,10,source_rows=2
PAYBACK_MULTIROW,園田,20050413,8,source_rows=2
PAYBACK_MULTIROW,園田,20050719,11,source_rows=2
PAYBACK_MULTIROW,園田,20050817,9,source_rows=2
PAYBACK_MULTIROW,園田,20051108,7,source_rows=2
PAYBACK_MULTIROW,園田,20051123,1,source_rows=2
PAYBACK_MULTIROW,園田,20051215,12,source_rows=2
PAYBACK_MULTIROW,園田,20051215,9,source_rows=2
PAYBACK_MULTIROW,園田,20051223,9,source_rows=2
PAYBACK_MULTIROW,園田,20060601,11,source_rows=2
PAYBACK_MULTIROW,園田,20060802,7,source_rows=2
PAYBACK_MULTIROW,園田,20061025,9,source_rows=2
PAYBACK_MULTIROW,園田,20061114,10,source_rows=2
PAYBACK_MULTIROW,園田,20070206,4,source_rows=2
PAYBACK_MULTIROW,園田,20070207,10,source_rows=2
PAYBACK_MULTIROW,園田,20070207,3,source_rows=2
PAYBACK_MULTIROW,園田,20070515,10,source_rows=2
PAYBACK_MULTIROW,園田,20070613,7,source_rows=2
PAYBACK_MULTIROW,園田,20070808,5,source_rows=2
PAYBACK_MULTIROW,園田,20070816,5,source_rows=2
PAYBACK_MULTIROW,園田,20071030,4,source_rows=2
PAYBACK_MULTIROW,園田,20071121,2,source_rows=2
PAYBACK_MULTIROW,園田,20071213,3,source_rows=2
PAYBACK_MULTIROW,園田,20080122,7,source_rows=2
PAYBACK_MULTIROW,園田,20080422,9,source_rows=2
PAYBACK_MULTIROW,園田,20080423,5,source_rows=2
PAYBACK_MULTIROW,園田,20080520,2,source_rows=2
PAYBACK_MULTIROW,園田,20081015,1,source_rows=2
PAYBACK_MULTIROW,園田,20081231,2,source_rows=2
PAYBACK_MULTIROW,園田,20090211,5,source_rows=2
PAYBACK_MULTIROW,園田,20090211,9,source_rows=2
PAYBACK_MULTIROW,園田,20090219,8,source_rows=2
PAYBACK_MULTIROW,園田,20090326,10,source_rows=2
PAYBACK_MULTIROW,園田,20090327,6,source_rows=2
PAYBACK_MULTIROW,園田,20090409,5,source_rows=2
PAYBACK_MULTIROW,園田,20090415,5,source_rows=2
PAYBACK_MULTIROW,園田,20090505,9,source_rows=2
PAYBACK_MULTIROW,園田,20090720,2,source_rows=2
PAYBACK_MULTIROW,園田,20090820,6,source_rows=2
PAYBACK_MULTIROW,園田,20091104,3,source_rows=2
PAYBACK_MULTIROW,園田,20091203,10,source_rows=2
PAYBACK_MULTIROW,園田,20091208,9,source_rows=2
PAYBACK_MULTIROW,園田,20091209,4,source_rows=2
PAYBACK_MULTIROW,園田,20100121,6,source_rows=2
PAYBACK_MULTIROW,園田,20100127,6,source_rows=2
PAYBACK_MULTIROW,園田,20100505,10,source_rows=2
PAYBACK_MULTIROW,園田,20100511,10,source_rows=2
PAYBACK_MULTIROW,園田,20100701,5,source_rows=2
PAYBACK_MULTIROW,園田,20100713,6,source_rows=2
PAYBACK_MULTIROW,園田,20100720,10,source_rows=2
PAYBACK_MULTIROW,園田,20100922,8,source_rows=2
PAYBACK_MULTIROW,園田,20101123,10,source_rows=2
PAYBACK_MULTIROW,園田,20101207,3,source_rows=2
PAYBACK_MULTIROW,園田,20101223,6,source_rows=2
PAYBACK_MULTIROW,園田,20110118,11,source_rows=2
PAYBACK_MULTIROW,園田,20110201,1,source_rows=2
PAYBACK_MULTIROW,園田,20110420,5,source_rows=2
PAYBACK_MULTIROW,園田,20110504,9,source_rows=2
PAYBACK_MULTIROW,園田,20110511,12,source_rows=2
PAYBACK_MULTIROW,園田,20110511,7,source_rows=2
PAYBACK_MULTIROW,園田,20110518,5,source_rows=2
PAYBACK_MULTIROW,園田,20110616,9,source_rows=2
PAYBACK_MULTIROW,園田,20110718,8,source_rows=2
PAYBACK_MULTIROW,園田,20110907,1,source_rows=2
PAYBACK_MULTIROW,園田,20111006,11,source_rows=2
PAYBACK_MULTIROW,園田,20111019,7,source_rows=2
PAYBACK_MULTIROW,園田,20111020,9,source_rows=2
PAYBACK_MULTIROW,園田,20111025,3,source_rows=2
PAYBACK_MULTIROW,園田,20111116,9,source_rows=2
PAYBACK_MULTIROW,園田,20111123,2,source_rows=2
PAYBACK_MULTIROW,園田,20111207,6,source_rows=2
PAYBACK_MULTIROW,園田,20111229,5,source_rows=2
PAYBACK_MULTIROW,園田,20120315,9,source_rows=2
PAYBACK_MULTIROW,園田,20121024,8,source_rows=2
PAYBACK_MULTIROW,園田,20121102,8,source_rows=2
PAYBACK_MULTIROW,園田,20121109,6,source_rows=2
PAYBACK_MULTIROW,園田,20121120,5,source_rows=2
PAYBACK_MULTIROW,園田,20121213,10,source_rows=3
PAYBACK_MULTIROW,園田,20130211,4,source_rows=2
PAYBACK_MULTIROW,園田,20130319,5,source_rows=2
PAYBACK_MULTIROW,園田,20130419,3,source_rows=2
PAYBACK_MULTIROW,園田,20130522,5,source_rows=2
PAYBACK_MULTIROW,園田,20130524,4,source_rows=2
PAYBACK_MULTIROW,園田,20130620,9,source_rows=2
PAYBACK_MULTIROW,園田,20130726,11,source_rows=2
PAYBACK_MULTIROW,園田,20130801,1,source_rows=2
PAYBACK_MULTIROW,園田,20130822,7,source_rows=2
PAYBACK_MULTIROW,園田,20131025,12,source_rows=2
PAYBACK_MULTIROW,園田,20131108,9,source_rows=2
PAYBACK_MULTIROW,園田,20131212,7,source_rows=2
PAYBACK_MULTIROW,園田,20140104,7,source_rows=2
PAYBACK_MULTIROW,園田,20140115,2,source_rows=2
PAYBACK_MULTIROW,園田,20140129,9,source_rows=2
PAYBACK_MULTIROW,園田,20140218,4,source_rows=2
PAYBACK_MULTIROW,園田,20140312,2,source_rows=2
PAYBACK_MULTIROW,園田,20140506,6,source_rows=2
PAYBACK_MULTIROW,園田,20140514,3,source_rows=2
PAYBACK_MULTIROW,園田,20140620,2,source_rows=2
PAYBACK_MULTIROW,園田,20140703,10,source_rows=2
PAYBACK_MULTIROW,園田,20140716,7,source_rows=2
PAYBACK_MULTIROW,園田,20140725,5,source_rows=2
PAYBACK_MULTIROW,園田,20140827,10,source_rows=2
PAYBACK_MULTIROW,園田,20140912,1,source_rows=2
PAYBACK_MULTIROW,園田,20140918,8,source_rows=2
PAYBACK_MULTIROW,園田,20141024,5,source_rows=2
PAYBACK_MULTIROW,園田,20141118,10,source_rows=2
PAYBACK_MULTIROW,園田,20141127,6,source_rows=2
PAYBACK_MULTIROW,園田,20141204,10,source_rows=2
PAYBACK_MULTIROW,園田,20141210,5,source_rows=2
PAYBACK_MULTIROW,園田,20150102,11,source_rows=2
PAYBACK_MULTIROW,園田,20150116,2,source_rows=2
PAYBACK_MULTIROW,園田,20150127,1,source_rows=2
PAYBACK_MULTIROW,園田,20150224,9,source_rows=2
PAYBACK_MULTIROW,園田,20150421,3,source_rows=2
PAYBACK_MULTIROW,園田,20150708,4,source_rows=2
PAYBACK_MULTIROW,園田,20150918,1,source_rows=2
PAYBACK_MULTIROW,園田,20150923,6,source_rows=2
PAYBACK_MULTIROW,園田,20150930,2,source_rows=2
PAYBACK_MULTIROW,園田,20151106,10,source_rows=2
PAYBACK_MULTIROW,園田,20151124,11,source_rows=2
PAYBACK_MULTIROW,園田,20151201,9,source_rows=2
PAYBACK_MULTIROW,園田,20160102,8,source_rows=2
PAYBACK_MULTIROW,園田,20160112,3,source_rows=2
PAYBACK_MULTIROW,園田,20160119,10,source_rows=2
PAYBACK_MULTIROW,園田,20160128,11,source_rows=2
PAYBACK_MULTIROW,園田,20160525,2,source_rows=2
PAYBACK_MULTIROW,園田,20160617,10,source_rows=2
PAYBACK_MULTIROW,園田,20160714,3,source_rows=2
PAYBACK_MULTIROW,園田,20160729,11,source_rows=2
PAYBACK_MULTIROW,園田,20160825,2,source_rows=2
PAYBACK_MULTIROW,園田,20160922,9,source_rows=2
PAYBACK_MULTIROW,園田,20170207,10,source_rows=2
PAYBACK_MULTIROW,園田,20170221,2,source_rows=2
PAYBACK_MULTIROW,園田,20170223,2,source_rows=2
PAYBACK_MULTIROW,園田,20170223,9,source_rows=2
PAYBACK_MULTIROW,園田,20170315,9,source_rows=2
PAYBACK_MULTIROW,園田,20170321,6,source_rows=2
PAYBACK_MULTIROW,園田,20171005,11,source_rows=2
PAYBACK_MULTIROW,園田,20171019,4,source_rows=2
PAYBACK_MULTIROW,園田,20171215,1,source_rows=2
PAYBACK_MULTIROW,園田,20180102,5,source_rows=2
PAYBACK_MULTIROW,園田,20180125,2,source_rows=2
PAYBACK_MULTIROW,園田,20180221,9,source_rows=2
PAYBACK_MULTIROW,園田,20180306,2,source_rows=2
PAYBACK_MULTIROW,園田,20180502,9,source_rows=2
PAYBACK_MULTIROW,園田,20180601,5,source_rows=2
PAYBACK_MULTIROW,園田,20180621,11,source_rows=2
PAYBACK_MULTIROW,園田,20180815,10,source_rows=2
PAYBACK_MULTIROW,園田,20181101,2,source_rows=2
PAYBACK_MULTIROW,園田,20181204,10,source_rows=2
PAYBACK_MULTIROW,園田,20190123,7,source_rows=2
PAYBACK_MULTIROW,園田,20190516,1,source_rows=2
PAYBACK_MULTIROW,園田,20190522,2,source_rows=2
PAYBACK_MULTIROW,園田,20190927,5,source_rows=2
PAYBACK_MULTIROW,園田,20191003,9,source_rows=2
PAYBACK_MULTIROW,園田,20200102,5,source_rows=2
PAYBACK_MULTIROW,園田,20200219,2,source_rows=2
PAYBACK_MULTIROW,園田,20200220,6,source_rows=2
PAYBACK_MULTIROW,園田,20200723,6,source_rows=2
PAYBACK_MULTIROW,園田,20200729,11,source_rows=2
PAYBACK_MULTIROW,園田,20200730,10,source_rows=2
PAYBACK_MULTIROW,園田,20200806,4,source_rows=2
PAYBACK_MULTIROW,園田,20200904,11,source_rows=2
PAYBACK_MULTIROW,園田,20200909,7,source_rows=2
PAYBACK_MULTIROW,園田,20201203,5,source_rows=2
PAYBACK_MULTIROW,園田,20201204,10,source_rows=2
PAYBACK_MULTIROW,園田,20201229,1,source_rows=2
PAYBACK_MULTIROW,園田,20210503,11,source_rows=2
PAYBACK_MULTIROW,園田,20211001,5,source_rows=2
PAYBACK_MULTIROW,園田,20211118,12,source_rows=2
PAYBACK_MULTIROW,園田,20211221,12,source_rows=2
PAYBACK_MULTIROW,園田,20211222,5,source_rows=2
PAYBACK_MULTIROW,園田,20211223,7,source_rows=2
PAYBACK_MULTIROW,園田,20211229,9,source_rows=2
PAYBACK_MULTIROW,園田,20220102,12,source_rows=2
PAYBACK_MULTIROW,園田,20220519,12,source_rows=2
PAYBACK_MULTIROW,園田,20220603,9,source_rows=2
PAYBACK_MULTIROW,園田,20220622,6,source_rows=2
PAYBACK_MULTIROW,園田,20220630,12,source_rows=2
PAYBACK_MULTIROW,園田,20220708,2,source_rows=2
PAYBACK_MULTIROW,園田,20220826,9,source_rows=2
PAYBACK_MULTIROW,園田,20220930,10,source_rows=2
PAYBACK_MULTIROW,園田,20220930,5,source_rows=2
PAYBACK_MULTIROW,園田,20221018,1,source_rows=2
PAYBACK_MULTIROW,園田,20221123,6,source_rows=2
PAYBACK_MULTIROW,園田,20221215,10,source_rows=2
PAYBACK_MULTIROW,園田,20221215,7,source_rows=2
PAYBACK_MULTIROW,園田,20221230,6,source_rows=2
PAYBACK_MULTIROW,園田,20230414,11,source_rows=2
PAYBACK_MULTIROW,園田,20230419,2,source_rows=2
PAYBACK_MULTIROW,園田,20230712,5,source_rows=2
PAYBACK_MULTIROW,園田,20230907,1,source_rows=2
PAYBACK_MULTIROW,園田,20231109,12,source_rows=2
PAYBACK_MULTIROW,園田,20231129,11,source_rows=2
PAYBACK_MULTIROW,園田,20231201,8,source_rows=2
PAYBACK_MULTIROW,園田,20231220,6,source_rows=2
PAYBACK_MULTIROW,園田,20231229,4,source_rows=2
PAYBACK_MULTIROW,園田,20240104,9,source_rows=2
PAYBACK_MULTIROW,園田,20240524,12,source_rows=2
PAYBACK_MULTIROW,園田,20240621,1,source_rows=2
PAYBACK_MULTIROW,園田,20240822,10,source_rows=2
PAYBACK_MULTIROW,園田,20241003,2,source_rows=2
PAYBACK_MULTIROW,園田,20241128,1,source_rows=2
PAYBACK_MULTIROW,園田,20241231,1,source_rows=2
PAYBACK_MULTIROW,園田,20241231,11,source_rows=2
PAYBACK_MULTIROW,園田,20250116,3,source_rows=2
PAYBACK_MULTIROW,園田,20250522,11,source_rows=2
PAYBACK_MULTIROW,園田,20250523,7,source_rows=2
PAYBACK_MULTIROW,園田,20250709,5,source_rows=2
PAYBACK_MULTIROW,園田,20250926,4,source_rows=2
PAYBACK_MULTIROW,園田,20251118,6,source_rows=2
PAYBACK_MULTIROW,園田,20260113,12,source_rows=2
PAYBACK_MULTIROW,園田,20260612,12,source_rows=2
PAYBACK_MULTIROW,大井,19980220,11,source_rows=2
PAYBACK_MULTIROW,大井,19980310,3,source_rows=2
PAYBACK_MULTIROW,大井,19980313,10,source_rows=2
PAYBACK_MULTIROW,大井,19980313,9,source_rows=2
PAYBACK_MULTIROW,大井,19980428,5,source_rows=2
PAYBACK_MULTIROW,大井,19980620,9,source_rows=2
PAYBACK_MULTIROW,大井,19980809,3,source_rows=2
PAYBACK_MULTIROW,大井,19981011,3,source_rows=2
PAYBACK_MULTIROW,大井,19981109,4,source_rows=2
PAYBACK_MULTIROW,大井,19990507,8,source_rows=2
PAYBACK_MULTIROW,大井,19990530,4,source_rows=2
PAYBACK_MULTIROW,大井,19990622,2,source_rows=2
PAYBACK_MULTIROW,大井,19990627,6,source_rows=2
PAYBACK_MULTIROW,大井,19990707,8,source_rows=2
PAYBACK_MULTIROW,大井,19990813,5,source_rows=2
PAYBACK_MULTIROW,大井,19991009,10,source_rows=2
PAYBACK_MULTIROW,大井,19991011,5,source_rows=2
PAYBACK_MULTIROW,大井,19991111,10,source_rows=2
PAYBACK_MULTIROW,大井,19991207,4,source_rows=2
PAYBACK_MULTIROW,大井,20000302,6,source_rows=2
PAYBACK_MULTIROW,大井,20000323,5,source_rows=2
PAYBACK_MULTIROW,大井,20000413,7,source_rows=2
PAYBACK_MULTIROW,大井,20000519,2,source_rows=2
PAYBACK_MULTIROW,大井,20001029,9,source_rows=2
PAYBACK_MULTIROW,大井,20010116,8,source_rows=2
PAYBACK_MULTIROW,大井,20010709,9,source_rows=2
PAYBACK_MULTIROW,大井,20010724,7,source_rows=2
PAYBACK_MULTIROW,大井,20011006,1,source_rows=2
PAYBACK_MULTIROW,大井,20011006,10,source_rows=2
PAYBACK_MULTIROW,大井,20011211,7,source_rows=2
PAYBACK_MULTIROW,大井,20020219,3,source_rows=2
PAYBACK_MULTIROW,大井,20020705,9,source_rows=2
PAYBACK_MULTIROW,大井,20020819,2,source_rows=2
PAYBACK_MULTIROW,大井,20020913,6,source_rows=2
PAYBACK_MULTIROW,大井,20021102,10,source_rows=2
PAYBACK_MULTIROW,大井,20021228,4,source_rows=2
PAYBACK_MULTIROW,大井,20030531,1,source_rows=2
PAYBACK_MULTIROW,大井,20030704,4,source_rows=2
PAYBACK_MULTIROW,大井,20030813,7,source_rows=2
PAYBACK_MULTIROW,大井,20031104,8,source_rows=2
PAYBACK_MULTIROW,大井,20040108,6,source_rows=2
PAYBACK_MULTIROW,大井,20040122,6,source_rows=2
PAYBACK_MULTIROW,大井,20040524,9,source_rows=2
PAYBACK_MULTIROW,大井,20040613,8,source_rows=2
PAYBACK_MULTIROW,大井,20040614,7,source_rows=2
PAYBACK_MULTIROW,大井,20040819,7,source_rows=2
PAYBACK_MULTIROW,大井,20040913,6,source_rows=2
PAYBACK_MULTIROW,大井,20041228,11,source_rows=2
PAYBACK_MULTIROW,大井,20050204,1,source_rows=2
PAYBACK_MULTIROW,大井,20050308,9,source_rows=2
PAYBACK_MULTIROW,大井,20050311,3,source_rows=2
PAYBACK_MULTIROW,大井,20050404,6,source_rows=2
PAYBACK_MULTIROW,大井,20050606,5,source_rows=2
PAYBACK_MULTIROW,大井,20050812,1,source_rows=2
PAYBACK_MULTIROW,大井,20051003,7,source_rows=2
PAYBACK_MULTIROW,大井,20051102,3,source_rows=2
PAYBACK_MULTIROW,大井,20051104,9,source_rows=2
PAYBACK_MULTIROW,大井,20051205,8,source_rows=2
PAYBACK_MULTIROW,大井,20060507,6,source_rows=2
PAYBACK_MULTIROW,大井,20060802,2,source_rows=2
PAYBACK_MULTIROW,大井,20060829,8,source_rows=2
PAYBACK_MULTIROW,大井,20060831,10,source_rows=2
PAYBACK_MULTIROW,大井,20061225,6,source_rows=2
PAYBACK_MULTIROW,大井,20061228,9,source_rows=2
PAYBACK_MULTIROW,大井,20070326,7,source_rows=2
PAYBACK_MULTIROW,大井,20070327,10,source_rows=2
PAYBACK_MULTIROW,大井,20070509,3,source_rows=2
PAYBACK_MULTIROW,大井,20070521,3,source_rows=2
PAYBACK_MULTIROW,大井,20070624,10,source_rows=2
PAYBACK_MULTIROW,大井,20070903,4,source_rows=2
PAYBACK_MULTIROW,大井,20070904,4,source_rows=2
PAYBACK_MULTIROW,大井,20071005,5,source_rows=2
PAYBACK_MULTIROW,大井,20080312,12,source_rows=2
PAYBACK_MULTIROW,大井,20080424,1,source_rows=2
PAYBACK_MULTIROW,大井,20080602,10,source_rows=2
PAYBACK_MULTIROW,大井,20080811,3,source_rows=2
PAYBACK_MULTIROW,大井,20080813,3,source_rows=2
PAYBACK_MULTIROW,大井,20080916,9,source_rows=2
PAYBACK_MULTIROW,大井,20081010,8,source_rows=2
PAYBACK_MULTIROW,大井,20081110,5,source_rows=2
PAYBACK_MULTIROW,大井,20081110,8,source_rows=2
PAYBACK_MULTIROW,大井,20081111,11,source_rows=2
PAYBACK_MULTIROW,大井,20081228,3,source_rows=2
PAYBACK_MULTIROW,大井,20081231,8,source_rows=2
PAYBACK_MULTIROW,大井,20090323,12,source_rows=2
PAYBACK_MULTIROW,大井,20090325,10,source_rows=2
PAYBACK_MULTIROW,大井,20090410,11,source_rows=2
PAYBACK_MULTIROW,大井,20090706,1,source_rows=2
PAYBACK_MULTIROW,大井,20090707,8,source_rows=2
PAYBACK_MULTIROW,大井,20090708,12,source_rows=2
PAYBACK_MULTIROW,大井,20091201,12,source_rows=2
PAYBACK_MULTIROW,大井,20100301,9,source_rows=2
PAYBACK_MULTIROW,大井,20100423,12,source_rows=2
PAYBACK_MULTIROW,大井,20110714,4,source_rows=2
PAYBACK_MULTIROW,大井,20110801,12,source_rows=2
PAYBACK_MULTIROW,大井,20110925,2,source_rows=2
PAYBACK_MULTIROW,大井,20111229,12,source_rows=2
PAYBACK_MULTIROW,大井,20120509,11,source_rows=2
PAYBACK_MULTIROW,大井,20120606,1,source_rows=2
PAYBACK_MULTIROW,大井,20120815,11,source_rows=2
PAYBACK_MULTIROW,大井,20120930,5,source_rows=2
PAYBACK_MULTIROW,大井,20121023,4,source_rows=2
PAYBACK_MULTIROW,大井,20121128,7,source_rows=2
PAYBACK_MULTIROW,大井,20130325,7,source_rows=2
PAYBACK_MULTIROW,大井,20130627,7,source_rows=2
PAYBACK_MULTIROW,大井,20130816,6,source_rows=2
PAYBACK_MULTIROW,大井,20140402,12,source_rows=2
PAYBACK_MULTIROW,大井,20140602,9,source_rows=2
PAYBACK_MULTIROW,大井,20141111,8,source_rows=2
PAYBACK_MULTIROW,大井,20141231,3,source_rows=2
PAYBACK_MULTIROW,大井,20150317,9,source_rows=2
PAYBACK_MULTIROW,大井,20150929,2,source_rows=2
PAYBACK_MULTIROW,大井,20151225,6,source_rows=2
PAYBACK_MULTIROW,大井,20151230,3,source_rows=2
PAYBACK_MULTIROW,大井,20160208,4,source_rows=2
PAYBACK_MULTIROW,大井,20160224,4,source_rows=2
PAYBACK_MULTIROW,大井,20160701,8,source_rows=2
PAYBACK_MULTIROW,大井,20160802,12,source_rows=2
PAYBACK_MULTIROW,大井,20160901,8,source_rows=2
PAYBACK_MULTIROW,大井,20160919,11,source_rows=2
PAYBACK_MULTIROW,大井,20161013,7,source_rows=2
PAYBACK_MULTIROW,大井,20161130,10,source_rows=2
PAYBACK_MULTIROW,大井,20161202,5,source_rows=2
PAYBACK_MULTIROW,大井,20161231,9,source_rows=2
PAYBACK_MULTIROW,大井,20170124,9,source_rows=2
PAYBACK_MULTIROW,大井,20170421,5,source_rows=2
PAYBACK_MULTIROW,大井,20170608,7,source_rows=2
PAYBACK_MULTIROW,大井,20170730,5,source_rows=2
PAYBACK_MULTIROW,大井,20171030,7,source_rows=2
PAYBACK_MULTIROW,大井,20180125,1,source_rows=2
PAYBACK_MULTIROW,大井,20180419,1,source_rows=2
PAYBACK_MULTIROW,大井,20180828,11,source_rows=2
PAYBACK_MULTIROW,大井,20181226,10,source_rows=2
PAYBACK_MULTIROW,大井,20190305,5,source_rows=2
PAYBACK_MULTIROW,大井,20190412,2,source_rows=2
PAYBACK_MULTIROW,大井,20190520,8,source_rows=2
PAYBACK_MULTIROW,大井,20190604,12,source_rows=2
PAYBACK_MULTIROW,大井,20190606,9,source_rows=2
PAYBACK_MULTIROW,大井,20190815,2,source_rows=2
PAYBACK_MULTIROW,大井,20190920,10,source_rows=2
PAYBACK_MULTIROW,大井,20191002,10,source_rows=2
PAYBACK_MULTIROW,大井,20191014,5,source_rows=2
PAYBACK_MULTIROW,大井,20200205,10,source_rows=2
PAYBACK_MULTIROW,大井,20200228,10,source_rows=2
PAYBACK_MULTIROW,大井,20200522,11,source_rows=2
PAYBACK_MULTIROW,大井,20200729,3,source_rows=2
PAYBACK_MULTIROW,大井,20200801,8,source_rows=2
PAYBACK_MULTIROW,大井,20200910,9,source_rows=2
PAYBACK_MULTIROW,大井,20200924,9,source_rows=2
PAYBACK_MULTIROW,大井,20201231,5,source_rows=2
PAYBACK_MULTIROW,大井,20210415,7,source_rows=2
PAYBACK_MULTIROW,大井,20210429,4,source_rows=2
PAYBACK_MULTIROW,大井,20210802,7,source_rows=2
PAYBACK_MULTIROW,大井,20210908,12,source_rows=2
PAYBACK_MULTIROW,大井,20210918,10,source_rows=2
PAYBACK_MULTIROW,大井,20220210,2,source_rows=2
PAYBACK_MULTIROW,大井,20220211,11,source_rows=2
PAYBACK_MULTIROW,大井,20220526,8,source_rows=2
PAYBACK_MULTIROW,大井,20220607,2,source_rows=2
PAYBACK_MULTIROW,大井,20220701,7,source_rows=2
PAYBACK_MULTIROW,大井,20220905,11,source_rows=2
PAYBACK_MULTIROW,大井,20221207,8,source_rows=2
PAYBACK_MULTIROW,大井,20221226,8,source_rows=2
PAYBACK_MULTIROW,大井,20221227,2,source_rows=2
PAYBACK_MULTIROW,大井,20230125,10,source_rows=2
PAYBACK_MULTIROW,大井,20230127,9,source_rows=2
PAYBACK_MULTIROW,大井,20230220,9,source_rows=2
PAYBACK_MULTIROW,大井,20230329,1,source_rows=2
PAYBACK_MULTIROW,大井,20230510,6,source_rows=2
PAYBACK_MULTIROW,大井,20230523,11,source_rows=2
PAYBACK_MULTIROW,大井,20230630,11,source_rows=2
PAYBACK_MULTIROW,大井,20230710,11,source_rows=2
PAYBACK_MULTIROW,大井,20230714,2,source_rows=2
PAYBACK_MULTIROW,大井,20230904,9,source_rows=2
PAYBACK_MULTIROW,大井,20231004,2,source_rows=2
PAYBACK_MULTIROW,大井,20231116,9,source_rows=2
PAYBACK_MULTIROW,大井,20240321,8,source_rows=2
PAYBACK_MULTIROW,大井,20240513,10,source_rows=2
PAYBACK_MULTIROW,大井,20240913,3,source_rows=2
PAYBACK_MULTIROW,大井,20250116,8,source_rows=2
PAYBACK_MULTIROW,大井,20250117,6,source_rows=2
PAYBACK_MULTIROW,大井,20250325,10,source_rows=2
PAYBACK_MULTIROW,大井,20250430,1,source_rows=2
PAYBACK_MULTIROW,大井,20250522,2,source_rows=2
PAYBACK_MULTIROW,大井,20250918,6,source_rows=2
PAYBACK_MULTIROW,大井,20251023,7,source_rows=2
PAYBACK_MULTIROW,大井,20251024,12,source_rows=2
PAYBACK_MULTIROW,大井,20251229,12,source_rows=2
PAYBACK_MULTIROW,大井,20260127,2,source_rows=2
PAYBACK_MULTIROW,大井,20260327,9,source_rows=2
PAYBACK_MULTIROW,大井,20260522,7,source_rows=2
PAYBACK_MULTIROW,姫路,19980324,11,source_rows=2
PAYBACK_MULTIROW,姫路,19981104,11,source_rows=2
PAYBACK_MULTIROW,姫路,19981117,3,source_rows=2
PAYBACK_MULTIROW,姫路,19990119,10,source_rows=2
PAYBACK_MULTIROW,姫路,19990121,10,source_rows=2
PAYBACK_MULTIROW,姫路,19990323,9,source_rows=2
PAYBACK_MULTIROW,姫路,19990722,10,source_rows=2
PAYBACK_MULTIROW,姫路,19991116,5,source_rows=2
PAYBACK_MULTIROW,姫路,20000229,8,source_rows=2
PAYBACK_MULTIROW,姫路,20000315,1,source_rows=2
PAYBACK_MULTIROW,姫路,20000315,9,source_rows=2
PAYBACK_MULTIROW,姫路,20010307,3,source_rows=2
PAYBACK_MULTIROW,姫路,20010315,10,source_rows=2
PAYBACK_MULTIROW,姫路,20010720,10,source_rows=2
PAYBACK_MULTIROW,姫路,20010726,6,source_rows=2
PAYBACK_MULTIROW,姫路,20011025,9,source_rows=2
PAYBACK_MULTIROW,姫路,20011113,8,source_rows=2
PAYBACK_MULTIROW,姫路,20020305,6,source_rows=2
PAYBACK_MULTIROW,姫路,20030304,5,source_rows=2
PAYBACK_MULTIROW,姫路,20030314,9,source_rows=2
PAYBACK_MULTIROW,姫路,20030325,8,source_rows=2
PAYBACK_MULTIROW,姫路,20030903,1,source_rows=2
PAYBACK_MULTIROW,姫路,20040303,3,source_rows=2
PAYBACK_MULTIROW,姫路,20050302,3,source_rows=2
PAYBACK_MULTIROW,姫路,20050308,7,source_rows=2
PAYBACK_MULTIROW,姫路,20060222,9,source_rows=2
PAYBACK_MULTIROW,姫路,20060928,8,source_rows=2
PAYBACK_MULTIROW,姫路,20070719,1,source_rows=2
PAYBACK_MULTIROW,姫路,20100520,3,source_rows=2
PAYBACK_MULTIROW,姫路,20200206,4,source_rows=2
PAYBACK_MULTIROW,姫路,20210202,1,source_rows=2
PAYBACK_MULTIROW,姫路,20210317,4,source_rows=2
PAYBACK_MULTIROW,姫路,20220118,7,source_rows=2
PAYBACK_MULTIROW,姫路,20230314,11,source_rows=2
PAYBACK_MULTIROW,姫路,20240123,8,source_rows=2
PAYBACK_MULTIROW,姫路,20240307,2,source_rows=2
PAYBACK_MULTIROW,姫路,20250227,9,source_rows=2
PAYBACK_MULTIROW,姫路,20260127,6,source_rows=2
PAYBACK_MULTIROW,宇都宮,19980111,4,source_rows=2
PAYBACK_MULTIROW,宇都宮,19980202,2,source_rows=2
PAYBACK_MULTIROW,宇都宮,19980418,1,source_rows=2
PAYBACK_MULTIROW,宇都宮,19980516,4,source_rows=2
PAYBACK_MULTIROW,宇都宮,19980517,9,source_rows=2
PAYBACK_MULTIROW,宇都宮,19980519,9,source_rows=2
PAYBACK_MULTIROW,宇都宮,19980729,7,source_rows=2
PAYBACK_MULTIROW,宇都宮,19980809,2,source_rows=2
PAYBACK_MULTIROW,宇都宮,19981017,6,source_rows=2
PAYBACK_MULTIROW,宇都宮,19981017,9,source_rows=2
PAYBACK_MULTIROW,宇都宮,19990110,1,source_rows=2
PAYBACK_MULTIROW,宇都宮,19990211,9,source_rows=2
PAYBACK_MULTIROW,宇都宮,19990226,1,source_rows=2
PAYBACK_MULTIROW,宇都宮,19990324,1,source_rows=2
PAYBACK_MULTIROW,宇都宮,19990515,1,source_rows=2
PAYBACK_MULTIROW,宇都宮,19990530,2,source_rows=2
PAYBACK_MULTIROW,宇都宮,19990721,2,source_rows=2
PAYBACK_MULTIROW,宇都宮,19990826,4,source_rows=2
PAYBACK_MULTIROW,宇都宮,19990910,9,source_rows=2
PAYBACK_MULTIROW,宇都宮,19990911,10,source_rows=2
PAYBACK_MULTIROW,宇都宮,19991014,9,source_rows=2
PAYBACK_MULTIROW,宇都宮,19991118,8,source_rows=2
PAYBACK_MULTIROW,宇都宮,20000504,6,source_rows=2
PAYBACK_MULTIROW,宇都宮,20000528,11,source_rows=2
PAYBACK_MULTIROW,宇都宮,20000531,8,source_rows=2
PAYBACK_MULTIROW,宇都宮,20000630,9,source_rows=2
PAYBACK_MULTIROW,宇都宮,20000903,4,source_rows=2
PAYBACK_MULTIROW,宇都宮,20001101,6,source_rows=2
PAYBACK_MULTIROW,宇都宮,20001203,2,source_rows=2
PAYBACK_MULTIROW,宇都宮,20010105,11,source_rows=2
PAYBACK_MULTIROW,宇都宮,20010107,11,source_rows=2
PAYBACK_MULTIROW,宇都宮,20010110,5,source_rows=2
PAYBACK_MULTIROW,宇都宮,20010408,1,source_rows=2
PAYBACK_MULTIROW,宇都宮,20010608,2,source_rows=2
PAYBACK_MULTIROW,宇都宮,20010622,2,source_rows=2
PAYBACK_MULTIROW,宇都宮,20010927,5,source_rows=2
PAYBACK_MULTIROW,宇都宮,20011210,3,source_rows=2
PAYBACK_MULTIROW,宇都宮,20020203,10,source_rows=2
PAYBACK_MULTIROW,宇都宮,20020720,8,source_rows=2
PAYBACK_MULTIROW,宇都宮,20030314,5,source_rows=2
PAYBACK_MULTIROW,宇都宮,20030607,10,source_rows=2
PAYBACK_MULTIROW,宇都宮,20030915,10,source_rows=2
PAYBACK_MULTIROW,宇都宮,20031004,4,source_rows=2
PAYBACK_MULTIROW,宇都宮,20040125,5,source_rows=2
PAYBACK_MULTIROW,宇都宮,20040223,10,source_rows=2
PAYBACK_MULTIROW,宇都宮,20040307,10,source_rows=2
PAYBACK_MULTIROW,宇都宮,20040505,7,source_rows=2
PAYBACK_MULTIROW,宇都宮,20040919,5,source_rows=2
PAYBACK_MULTIROW,宇都宮,20041030,2,source_rows=2
PAYBACK_MULTIROW,宇都宮,20041030,4,source_rows=2
PAYBACK_MULTIROW,宇都宮,20041231,7,source_rows=2
PAYBACK_MULTIROW,岩見ば,19980727,8,source_rows=2
PAYBACK_MULTIROW,岩見ば,19980816,1,source_rows=2
PAYBACK_MULTIROW,岩見ば,19990703,9,source_rows=2
PAYBACK_MULTIROW,岩見ば,19990807,11,source_rows=2
PAYBACK_MULTIROW,岩見ば,19990808,5,source_rows=2
PAYBACK_MULTIROW,岩見ば,19990810,9,source_rows=2
PAYBACK_MULTIROW,岩見ば,19990828,6,source_rows=2
PAYBACK_MULTIROW,岩見ば,19990905,12,source_rows=2
PAYBACK_MULTIROW,岩見ば,20010827,8,source_rows=2
PAYBACK_MULTIROW,岩見ば,20020707,3,source_rows=2
PAYBACK_MULTIROW,岩見ば,20020804,7,source_rows=2
PAYBACK_MULTIROW,岩見ば,20020824,5,source_rows=2
PAYBACK_MULTIROW,岩見ば,20030630,3,source_rows=2
PAYBACK_MULTIROW,岩見ば,20030714,11,source_rows=2
PAYBACK_MULTIROW,岩見ば,20040705,8,source_rows=2
PAYBACK_MULTIROW,岩見ば,20040705,9,source_rows=2
PAYBACK_MULTIROW,岩見ば,20040815,7,source_rows=2
PAYBACK_MULTIROW,岩見ば,20040822,3,source_rows=2
PAYBACK_MULTIROW,岩見ば,20040823,10,source_rows=2
PAYBACK_MULTIROW,岩見ば,20050704,11,source_rows=2
PAYBACK_MULTIROW,岩見ば,20050822,10,source_rows=2
PAYBACK_MULTIROW,岩見ば,20050904,5,source_rows=2
PAYBACK_MULTIROW,岩見ば,20050919,6,source_rows=2
PAYBACK_MULTIROW,岩見ば,20060731,6,source_rows=2
PAYBACK_MULTIROW,岩見ば,20060910,12,source_rows=2
PAYBACK_MULTIROW,川崎,19980305,9,source_rows=2
PAYBACK_MULTIROW,川崎,19980507,10,source_rows=2
PAYBACK_MULTIROW,川崎,19980906,8,source_rows=2
PAYBACK_MULTIROW,川崎,19981230,8,source_rows=2
PAYBACK_MULTIROW,川崎,19990326,4,source_rows=2
PAYBACK_MULTIROW,川崎,19990430,1,source_rows=2
PAYBACK_MULTIROW,川崎,19990613,9,source_rows=2
PAYBACK_MULTIROW,川崎,19991224,6,source_rows=2
PAYBACK_MULTIROW,川崎,20000208,8,source_rows=2
PAYBACK_MULTIROW,川崎,20000209,9,source_rows=2
PAYBACK_MULTIROW,川崎,20000609,9,source_rows=2
PAYBACK_MULTIROW,川崎,20000901,8,source_rows=2
PAYBACK_MULTIROW,川崎,20001023,3,source_rows=2
PAYBACK_MULTIROW,川崎,20001113,10,source_rows=2
PAYBACK_MULTIROW,川崎,20001114,5,source_rows=2
PAYBACK_MULTIROW,川崎,20010209,11,source_rows=2
PAYBACK_MULTIROW,川崎,20010307,3,source_rows=2
PAYBACK_MULTIROW,川崎,20010428,6,source_rows=2
PAYBACK_MULTIROW,川崎,20010428,9,source_rows=2
PAYBACK_MULTIROW,川崎,20010515,6,source_rows=2
PAYBACK_MULTIROW,川崎,20010901,4,source_rows=2
PAYBACK_MULTIROW,川崎,20011001,2,source_rows=2
PAYBACK_MULTIROW,川崎,20011127,6,source_rows=2
PAYBACK_MULTIROW,川崎,20011130,4,source_rows=2
PAYBACK_MULTIROW,川崎,20011230,1,source_rows=2
PAYBACK_MULTIROW,川崎,20020314,3,source_rows=2
PAYBACK_MULTIROW,川崎,20021024,8,source_rows=2
PAYBACK_MULTIROW,川崎,20021223,10,source_rows=2
PAYBACK_MULTIROW,川崎,20030225,4,source_rows=2
PAYBACK_MULTIROW,川崎,20030917,1,source_rows=2
PAYBACK_MULTIROW,川崎,20040225,3,source_rows=2
PAYBACK_MULTIROW,川崎,20040331,6,source_rows=2
PAYBACK_MULTIROW,川崎,20041005,8,source_rows=2
PAYBACK_MULTIROW,川崎,20050124,5,source_rows=2
PAYBACK_MULTIROW,川崎,20050211,1,source_rows=2
PAYBACK_MULTIROW,川崎,20050727,10,source_rows=2
PAYBACK_MULTIROW,川崎,20050906,5,source_rows=2
PAYBACK_MULTIROW,川崎,20070105,10,source_rows=2
PAYBACK_MULTIROW,川崎,20070704,1,source_rows=2
PAYBACK_MULTIROW,川崎,20070720,1,source_rows=2
PAYBACK_MULTIROW,川崎,20070720,2,source_rows=2
PAYBACK_MULTIROW,川崎,20070809,7,source_rows=2
PAYBACK_MULTIROW,川崎,20071107,9,source_rows=2
PAYBACK_MULTIROW,川崎,20071109,4,source_rows=2
PAYBACK_MULTIROW,川崎,20071109,8,source_rows=2
PAYBACK_MULTIROW,川崎,20080415,10,source_rows=2
PAYBACK_MULTIROW,川崎,20080522,4,source_rows=2
PAYBACK_MULTIROW,川崎,20080616,8,source_rows=2
PAYBACK_MULTIROW,川崎,20080808,4,source_rows=2
PAYBACK_MULTIROW,川崎,20080818,9,source_rows=2
PAYBACK_MULTIROW,川崎,20090417,5,source_rows=2
PAYBACK_MULTIROW,川崎,20090619,5,source_rows=2
PAYBACK_MULTIROW,川崎,20090713,3,source_rows=2
PAYBACK_MULTIROW,川崎,20090713,9,source_rows=2
PAYBACK_MULTIROW,川崎,20090715,11,source_rows=2
PAYBACK_MULTIROW,川崎,20090728,11,source_rows=2
PAYBACK_MULTIROW,川崎,20100222,6,source_rows=2
PAYBACK_MULTIROW,川崎,20100224,4,source_rows=2
PAYBACK_MULTIROW,川崎,20101117,9,source_rows=2
PAYBACK_MULTIROW,川崎,20110103,10,source_rows=2
PAYBACK_MULTIROW,川崎,20110127,9,source_rows=2
PAYBACK_MULTIROW,川崎,20110818,11,source_rows=2
PAYBACK_MULTIROW,川崎,20110831,7,source_rows=2
PAYBACK_MULTIROW,川崎,20111212,10,source_rows=2
PAYBACK_MULTIROW,川崎,20120614,9,source_rows=2
PAYBACK_MULTIROW,川崎,20120705,5,source_rows=2
PAYBACK_MULTIROW,川崎,20120907,4,source_rows=2
PAYBACK_MULTIROW,川崎,20130131,8,source_rows=2
PAYBACK_MULTIROW,川崎,20130227,3,source_rows=2
PAYBACK_MULTIROW,川崎,20130611,10,source_rows=2
PAYBACK_MULTIROW,川崎,20130702,12,source_rows=2
PAYBACK_MULTIROW,川崎,20130702,6,source_rows=2
PAYBACK_MULTIROW,川崎,20130703,6,source_rows=2
PAYBACK_MULTIROW,川崎,20130705,4,source_rows=2
PAYBACK_MULTIROW,川崎,20130821,9,source_rows=2
PAYBACK_MULTIROW,川崎,20131009,12,source_rows=2
PAYBACK_MULTIROW,川崎,20140130,2,source_rows=2
PAYBACK_MULTIROW,川崎,20140414,10,source_rows=2
PAYBACK_MULTIROW,川崎,20140612,9,source_rows=2
PAYBACK_MULTIROW,川崎,20140725,10,source_rows=2
PAYBACK_MULTIROW,川崎,20140820,9,source_rows=2
PAYBACK_MULTIROW,川崎,20150303,8,source_rows=2
PAYBACK_MULTIROW,川崎,20150609,2,source_rows=2
PAYBACK_MULTIROW,川崎,20150818,4,source_rows=2
PAYBACK_MULTIROW,川崎,20151022,7,source_rows=2
PAYBACK_MULTIROW,川崎,20151116,4,source_rows=2
PAYBACK_MULTIROW,川崎,20160301,8,source_rows=2
PAYBACK_MULTIROW,川崎,20160510,10,source_rows=2
PAYBACK_MULTIROW,川崎,20160511,10,source_rows=2
PAYBACK_MULTIROW,川崎,20160615,4,source_rows=2
PAYBACK_MULTIROW,川崎,20160913,8,source_rows=2
PAYBACK_MULTIROW,川崎,20170203,9,source_rows=2
PAYBACK_MULTIROW,川崎,20171212,11,source_rows=2
PAYBACK_MULTIROW,川崎,20180103,1,source_rows=2
PAYBACK_MULTIROW,川崎,20180201,10,source_rows=2
PAYBACK_MULTIROW,川崎,20180226,6,source_rows=2
PAYBACK_MULTIROW,川崎,20180912,1,source_rows=2
PAYBACK_MULTIROW,川崎,20180913,11,source_rows=2
PAYBACK_MULTIROW,川崎,20181017,10,source_rows=2
PAYBACK_MULTIROW,川崎,20181019,11,source_rows=2
PAYBACK_MULTIROW,川崎,20190225,5,source_rows=2
PAYBACK_MULTIROW,川崎,20190612,5,source_rows=2
PAYBACK_MULTIROW,川崎,20191120,1,source_rows=2
PAYBACK_MULTIROW,川崎,20200415,2,source_rows=2
PAYBACK_MULTIROW,川崎,20200914,4,source_rows=2
PAYBACK_MULTIROW,川崎,20201014,5,source_rows=2
PAYBACK_MULTIROW,川崎,20210102,3,source_rows=2
PAYBACK_MULTIROW,川崎,20210420,8,source_rows=2
PAYBACK_MULTIROW,川崎,20210527,12,source_rows=2
PAYBACK_MULTIROW,川崎,20210729,1,source_rows=2
PAYBACK_MULTIROW,川崎,20220101,3,source_rows=2
PAYBACK_MULTIROW,川崎,20220103,9,source_rows=2
PAYBACK_MULTIROW,川崎,20220106,7,source_rows=2
PAYBACK_MULTIROW,川崎,20220304,10,source_rows=2
PAYBACK_MULTIROW,川崎,20220828,7,source_rows=2
PAYBACK_MULTIROW,川崎,20220914,7,source_rows=2
PAYBACK_MULTIROW,川崎,20221215,6,source_rows=2
PAYBACK_MULTIROW,川崎,20230403,7,source_rows=2
PAYBACK_MULTIROW,川崎,20240101,6,source_rows=2
PAYBACK_MULTIROW,川崎,20240403,4,source_rows=2
PAYBACK_MULTIROW,川崎,20240902,8,source_rows=2
PAYBACK_MULTIROW,川崎,20250102,7,source_rows=2
PAYBACK_MULTIROW,川崎,20250206,5,source_rows=2
PAYBACK_MULTIROW,川崎,20250710,8,source_rows=6
PAYBACK_MULTIROW,川崎,20251217,6,source_rows=2
PAYBACK_MULTIROW,帯広ば,19980202,5,source_rows=2
PAYBACK_MULTIROW,帯広ば,19981129,11,source_rows=2
PAYBACK_MULTIROW,帯広ば,19991211,5,source_rows=2
PAYBACK_MULTIROW,帯広ば,19991226,5,source_rows=2
PAYBACK_MULTIROW,帯広ば,20000108,3,source_rows=2
PAYBACK_MULTIROW,帯広ば,20000131,1,source_rows=2
PAYBACK_MULTIROW,帯広ば,20001229,6,source_rows=2
PAYBACK_MULTIROW,帯広ば,20011209,2,source_rows=2
PAYBACK_MULTIROW,帯広ば,20020107,8,source_rows=2
PAYBACK_MULTIROW,帯広ば,20020113,7,source_rows=2
PAYBACK_MULTIROW,帯広ば,20020114,11,source_rows=2
PAYBACK_MULTIROW,帯広ば,20020122,3,source_rows=2
PAYBACK_MULTIROW,帯広ば,20020127,2,source_rows=2
PAYBACK_MULTIROW,帯広ば,20020212,7,source_rows=2
PAYBACK_MULTIROW,帯広ば,20021123,9,source_rows=2
PAYBACK_MULTIROW,帯広ば,20021130,6,source_rows=2
PAYBACK_MULTIROW,帯広ば,20030105,3,source_rows=2
PAYBACK_MULTIROW,帯広ば,20030125,12,source_rows=2
PAYBACK_MULTIROW,帯広ば,20030210,2,source_rows=2
PAYBACK_MULTIROW,帯広ば,20030211,12,source_rows=2
PAYBACK_MULTIROW,帯広ば,20031216,7,source_rows=2
PAYBACK_MULTIROW,帯広ば,20031228,6,source_rows=2
PAYBACK_MULTIROW,帯広ば,20040117,10,source_rows=2
PAYBACK_MULTIROW,帯広ば,20040120,8,source_rows=2
PAYBACK_MULTIROW,帯広ば,20050107,10,source_rows=2
PAYBACK_MULTIROW,帯広ば,20050116,5,source_rows=2
PAYBACK_MULTIROW,帯広ば,20051219,3,source_rows=2
PAYBACK_MULTIROW,帯広ば,20051224,9,source_rows=2
PAYBACK_MULTIROW,帯広ば,20060217,9,source_rows=2
PAYBACK_MULTIROW,帯広ば,20060224,7,source_rows=2
PAYBACK_MULTIROW,帯広ば,20060310,11,source_rows=2
PAYBACK_MULTIROW,帯広ば,20061216,10,source_rows=2
PAYBACK_MULTIROW,帯広ば,20061216,6,source_rows=2
PAYBACK_MULTIROW,帯広ば,20061229,8,source_rows=2
PAYBACK_MULTIROW,帯広ば,20070121,3,source_rows=2
PAYBACK_MULTIROW,帯広ば,20070309,11,source_rows=2
PAYBACK_MULTIROW,帯広ば,20070318,9,source_rows=2
PAYBACK_MULTIROW,帯広ば,20070323,6,source_rows=2
PAYBACK_MULTIROW,帯広ば,20070714,1,source_rows=2
PAYBACK_MULTIROW,帯広ば,20070901,7,source_rows=2
PAYBACK_MULTIROW,帯広ば,20070908,10,source_rows=2
PAYBACK_MULTIROW,帯広ば,20070929,2,source_rows=2
PAYBACK_MULTIROW,帯広ば,20071103,3,source_rows=2
PAYBACK_MULTIROW,帯広ば,20071105,5,source_rows=2
PAYBACK_MULTIROW,帯広ば,20080316,6,source_rows=2
PAYBACK_MULTIROW,帯広ば,20080324,8,source_rows=2
PAYBACK_MULTIROW,帯広ば,20080614,5,source_rows=2
PAYBACK_MULTIROW,帯広ば,20081026,4,source_rows=2
PAYBACK_MULTIROW,帯広ば,20090208,12,source_rows=2
PAYBACK_MULTIROW,帯広ば,20090315,9,source_rows=2
PAYBACK_MULTIROW,帯広ば,20090713,12,source_rows=2
PAYBACK_MULTIROW,帯広ば,20091003,6,source_rows=2
PAYBACK_MULTIROW,帯広ば,20100110,6,source_rows=2
PAYBACK_MULTIROW,帯広ば,20100117,7,source_rows=2
PAYBACK_MULTIROW,帯広ば,20100626,10,source_rows=2
PAYBACK_MULTIROW,帯広ば,20100815,6,source_rows=2
PAYBACK_MULTIROW,帯広ば,20101024,9,source_rows=2
PAYBACK_MULTIROW,帯広ば,20101205,10,source_rows=2
PAYBACK_MULTIROW,帯広ば,20110315,8,source_rows=2
PAYBACK_MULTIROW,帯広ば,20111107,4,source_rows=2
PAYBACK_MULTIROW,帯広ば,20120226,2,source_rows=2
PAYBACK_MULTIROW,帯広ば,20120324,6,source_rows=2
PAYBACK_MULTIROW,帯広ば,20120528,5,source_rows=2
PAYBACK_MULTIROW,帯広ば,20120728,8,source_rows=2
PAYBACK_MULTIROW,帯広ば,20120826,8,source_rows=2
PAYBACK_MULTIROW,帯広ば,20120915,3,source_rows=2
PAYBACK_MULTIROW,帯広ば,20121013,11,source_rows=2
PAYBACK_MULTIROW,帯広ば,20121124,8,source_rows=2
PAYBACK_MULTIROW,帯広ば,20121229,9,source_rows=2
PAYBACK_MULTIROW,帯広ば,20121230,10,source_rows=2
PAYBACK_MULTIROW,帯広ば,20130120,7,source_rows=2
PAYBACK_MULTIROW,帯広ば,20130602,10,source_rows=2
PAYBACK_MULTIROW,帯広ば,20130706,11,source_rows=2
PAYBACK_MULTIROW,帯広ば,20130706,8,source_rows=2
PAYBACK_MULTIROW,帯広ば,20131104,6,source_rows=2
PAYBACK_MULTIROW,帯広ば,20131229,1,source_rows=2
PAYBACK_MULTIROW,帯広ば,20140119,3,source_rows=2
PAYBACK_MULTIROW,帯広ば,20140224,4,source_rows=2
PAYBACK_MULTIROW,帯広ば,20140321,2,source_rows=2
PAYBACK_MULTIROW,帯広ば,20140503,2,source_rows=2
PAYBACK_MULTIROW,帯広ば,20140531,9,source_rows=2
PAYBACK_MULTIROW,帯広ば,20140913,10,source_rows=2
PAYBACK_MULTIROW,帯広ば,20141012,6,source_rows=2
PAYBACK_MULTIROW,帯広ば,20141201,11,source_rows=2
PAYBACK_MULTIROW,帯広ば,20150105,9,source_rows=2
PAYBACK_MULTIROW,帯広ば,20150119,3,source_rows=2
PAYBACK_MULTIROW,帯広ば,20150131,8,source_rows=2
PAYBACK_MULTIROW,帯広ば,20150201,6,source_rows=2
PAYBACK_MULTIROW,帯広ば,20150207,1,source_rows=2
PAYBACK_MULTIROW,帯広ば,20150222,7,source_rows=2
PAYBACK_MULTIROW,帯広ば,20150516,11,source_rows=2
PAYBACK_MULTIROW,帯広ば,20150725,2,source_rows=2
PAYBACK_MULTIROW,帯広ば,20150810,10,source_rows=2
PAYBACK_MULTIROW,帯広ば,20151012,1,source_rows=2
PAYBACK_MULTIROW,帯広ば,20151031,3,source_rows=2
PAYBACK_MULTIROW,帯広ば,20151205,11,source_rows=2
PAYBACK_MULTIROW,帯広ば,20160919,4,source_rows=2
PAYBACK_MULTIROW,帯広ば,20170102,8,source_rows=2
PAYBACK_MULTIROW,帯広ば,20170826,11,source_rows=2
PAYBACK_MULTIROW,帯広ば,20171216,10,source_rows=2
PAYBACK_MULTIROW,帯広ば,20181119,9,source_rows=2
PAYBACK_MULTIROW,帯広ば,20190203,8,source_rows=2
PAYBACK_MULTIROW,帯広ば,20190826,10,source_rows=2
PAYBACK_MULTIROW,帯広ば,20190826,8,source_rows=2
PAYBACK_MULTIROW,帯広ば,20190929,11,source_rows=2
PAYBACK_MULTIROW,帯広ば,20200112,4,source_rows=2
PAYBACK_MULTIROW,帯広ば,20200126,1,source_rows=2
PAYBACK_MULTIROW,帯広ば,20200203,11,source_rows=2
PAYBACK_MULTIROW,帯広ば,20200316,11,source_rows=2
PAYBACK_MULTIROW,帯広ば,20200627,6,source_rows=2
PAYBACK_MULTIROW,帯広ば,20201003,5,source_rows=2
PAYBACK_MULTIROW,帯広ば,20201107,4,source_rows=2
PAYBACK_MULTIROW,帯広ば,20201123,8,source_rows=2
PAYBACK_MULTIROW,帯広ば,20201205,10,source_rows=2
PAYBACK_MULTIROW,帯広ば,20210102,9,source_rows=2
PAYBACK_MULTIROW,帯広ば,20210105,5,source_rows=2
PAYBACK_MULTIROW,帯広ば,20210117,3,source_rows=2
PAYBACK_MULTIROW,帯広ば,20210124,10,source_rows=2
PAYBACK_MULTIROW,帯広ば,20210201,10,source_rows=2
PAYBACK_MULTIROW,帯広ば,20210508,11,source_rows=2
PAYBACK_MULTIROW,帯広ば,20210522,3,source_rows=2
PAYBACK_MULTIROW,帯広ば,20210807,7,source_rows=2
PAYBACK_MULTIROW,帯広ば,20211009,10,source_rows=2
PAYBACK_MULTIROW,帯広ば,20211023,12,source_rows=2
PAYBACK_MULTIROW,帯広ば,20211115,6,source_rows=2
PAYBACK_MULTIROW,帯広ば,20211115,9,source_rows=2
PAYBACK_MULTIROW,帯広ば,20220104,11,source_rows=2
PAYBACK_MULTIROW,帯広ば,20220117,8,source_rows=2
PAYBACK_MULTIROW,帯広ば,20220122,3,source_rows=2
PAYBACK_MULTIROW,帯広ば,20220319,11,source_rows=2
PAYBACK_MULTIROW,帯広ば,20220430,6,source_rows=2
PAYBACK_MULTIROW,帯広ば,20220704,10,source_rows=2
PAYBACK_MULTIROW,帯広ば,20220723,2,source_rows=2
PAYBACK_MULTIROW,帯広ば,20220724,1,source_rows=2
PAYBACK_MULTIROW,帯広ば,20220730,12,source_rows=2
PAYBACK_MULTIROW,帯広ば,20220731,11,source_rows=2
PAYBACK_MULTIROW,帯広ば,20220813,7,source_rows=2
PAYBACK_MULTIROW,帯広ば,20220828,9,source_rows=2
PAYBACK_MULTIROW,帯広ば,20220918,12,source_rows=2
PAYBACK_MULTIROW,帯広ば,20221031,5,source_rows=2
PAYBACK_MULTIROW,帯広ば,20221107,8,source_rows=2
PAYBACK_MULTIROW,帯広ば,20221114,7,source_rows=2
PAYBACK_MULTIROW,帯広ば,20221204,2,source_rows=2
PAYBACK_MULTIROW,帯広ば,20221204,4,source_rows=2
PAYBACK_MULTIROW,帯広ば,20230218,11,source_rows=2
PAYBACK_MULTIROW,帯広ば,20230227,11,source_rows=2
PAYBACK_MULTIROW,帯広ば,20230515,12,source_rows=2
PAYBACK_MULTIROW,帯広ば,20230917,11,source_rows=2
PAYBACK_MULTIROW,帯広ば,20230918,9,source_rows=2
PAYBACK_MULTIROW,帯広ば,20240102,3,source_rows=2
PAYBACK_MULTIROW,帯広ば,20240224,8,source_rows=2
PAYBACK_MULTIROW,帯広ば,20240512,6,source_rows=2
PAYBACK_MULTIROW,帯広ば,20240714,9,source_rows=2
PAYBACK_MULTIROW,帯広ば,20240720,12,source_rows=2
PAYBACK_MULTIROW,帯広ば,20241006,12,source_rows=2
PAYBACK_MULTIROW,帯広ば,20241221,8,source_rows=2
PAYBACK_MULTIROW,帯広ば,20250108,4,source_rows=2
PAYBACK_MULTIROW,帯広ば,20250215,10,source_rows=2
PAYBACK_MULTIROW,帯広ば,20250215,5,source_rows=2
PAYBACK_MULTIROW,帯広ば,20250420,4,source_rows=2
PAYBACK_MULTIROW,帯広ば,20250622,9,source_rows=2
PAYBACK_MULTIROW,帯広ば,20250825,8,source_rows=2
PAYBACK_MULTIROW,帯広ば,20250907,7,source_rows=2
PAYBACK_MULTIROW,帯広ば,20251019,11,source_rows=2
PAYBACK_MULTIROW,帯広ば,20251027,4,source_rows=2
PAYBACK_MULTIROW,帯広ば,20251115,6,source_rows=2
PAYBACK_MULTIROW,帯広ば,20251230,10,source_rows=2
PAYBACK_MULTIROW,帯広ば,20260207,8,source_rows=2
PAYBACK_MULTIROW,帯広ば,20260208,2,source_rows=2
PAYBACK_MULTIROW,帯広ば,20260222,5,source_rows=2
PAYBACK_MULTIROW,帯広ば,20260308,1,source_rows=2
PAYBACK_MULTIROW,帯広ば,20260309,8,source_rows=2
PAYBACK_MULTIROW,帯広ば,20260320,5,source_rows=2
PAYBACK_MULTIROW,帯広ば,20260418,2,source_rows=2
PAYBACK_MULTIROW,帯広ば,20260601,10,source_rows=2
PAYBACK_MULTIROW,帯広ば,20260601,6,source_rows=2
PAYBACK_MULTIROW,帯広ば,20260606,6,source_rows=2
PAYBACK_MULTIROW,帯広ば,20260629,6,source_rows=2
PAYBACK_MULTIROW,帯広ば,20260711,8,source_rows=2
PAYBACK_MULTIROW,帯広ば,20260719,2,source_rows=2
PAYBACK_MULTIROW,帯広ば,20260719,5,source_rows=2
PAYBACK_MULTIROW,帯広ば,20260727,8,source_rows=2
PAYBACK_MULTIROW,新潟,19980102,3,source_rows=2
PAYBACK_MULTIROW,新潟,19980607,5,source_rows=2
PAYBACK_MULTIROW,新潟,19980919,9,source_rows=2
PAYBACK_MULTIROW,新潟,19980920,5,source_rows=2
PAYBACK_MULTIROW,新潟,19981019,2,source_rows=2
PAYBACK_MULTIROW,新潟,19981107,2,source_rows=2
PAYBACK_MULTIROW,新潟,19981205,5,source_rows=2
PAYBACK_MULTIROW,新潟,19990602,7,source_rows=2
PAYBACK_MULTIROW,新潟,19990609,11,source_rows=2
PAYBACK_MULTIROW,新潟,19990627,3,source_rows=2
PAYBACK_MULTIROW,新潟,20000625,10,source_rows=2
PAYBACK_MULTIROW,新潟,20000715,5,source_rows=2
PAYBACK_MULTIROW,新潟,20010421,7,source_rows=2
PAYBACK_MULTIROW,旭川,19980707,2,source_rows=2
PAYBACK_MULTIROW,旭川,19980811,6,source_rows=2
PAYBACK_MULTIROW,旭川,19980826,5,source_rows=2
PAYBACK_MULTIROW,旭川,19990706,5,source_rows=2
PAYBACK_MULTIROW,旭川,20000629,7,source_rows=2
PAYBACK_MULTIROW,旭川,20000921,3,source_rows=2
PAYBACK_MULTIROW,旭川,20010808,11,source_rows=2
PAYBACK_MULTIROW,旭川,20010814,5,source_rows=2
PAYBACK_MULTIROW,旭川,20020723,4,source_rows=2
PAYBACK_MULTIROW,旭川,20030814,5,source_rows=2
PAYBACK_MULTIROW,旭川,20040720,1,source_rows=2
PAYBACK_MULTIROW,旭川,20040923,6,source_rows=2
PAYBACK_MULTIROW,旭川,20040929,6,source_rows=2
PAYBACK_MULTIROW,旭川,20050817,2,source_rows=2
PAYBACK_MULTIROW,旭川,20060713,11,source_rows=2
PAYBACK_MULTIROW,旭川,20060727,1,source_rows=2
PAYBACK_MULTIROW,旭川,20070607,5,source_rows=2
PAYBACK_MULTIROW,旭川,20070703,11,source_rows=2
PAYBACK_MULTIROW,旭川,20070719,4,source_rows=2
PAYBACK_MULTIROW,旭川,20070725,1,source_rows=2
PAYBACK_MULTIROW,旭川,20070814,11,source_rows=2
PAYBACK_MULTIROW,旭川,20080826,10,source_rows=2
PAYBACK_MULTIROW,旭川ば,19981005,7,source_rows=2
PAYBACK_MULTIROW,旭川ば,19991011,3,source_rows=2
PAYBACK_MULTIROW,旭川ば,19991023,6,source_rows=2
PAYBACK_MULTIROW,旭川ば,19991103,11,source_rows=2
PAYBACK_MULTIROW,旭川ば,20000423,6,source_rows=2
PAYBACK_MULTIROW,旭川ば,20000527,5,source_rows=2
PAYBACK_MULTIROW,旭川ば,20001008,1,source_rows=2
PAYBACK_MULTIROW,旭川ば,20010526,9,source_rows=2
PAYBACK_MULTIROW,旭川ば,20011020,3,source_rows=2
PAYBACK_MULTIROW,旭川ば,20020503,11,source_rows=2
PAYBACK_MULTIROW,旭川ば,20020520,8,source_rows=2
PAYBACK_MULTIROW,旭川ば,20021006,11,source_rows=2
PAYBACK_MULTIROW,旭川ば,20021027,8,source_rows=2
PAYBACK_MULTIROW,旭川ば,20021110,12,source_rows=2
PAYBACK_MULTIROW,旭川ば,20040503,9,source_rows=2
PAYBACK_MULTIROW,旭川ば,20040509,3,source_rows=2
PAYBACK_MULTIROW,旭川ば,20040524,6,source_rows=2
PAYBACK_MULTIROW,旭川ば,20040531,10,source_rows=2
PAYBACK_MULTIROW,旭川ば,20050417,9,source_rows=2
PAYBACK_MULTIROW,札幌,19980506,6,source_rows=2
PAYBACK_MULTIROW,札幌,20000614,9,source_rows=2
PAYBACK_MULTIROW,札幌,20010424,1,source_rows=2
PAYBACK_MULTIROW,札幌,20010530,5,source_rows=2
PAYBACK_MULTIROW,札幌,20010531,7,source_rows=2
PAYBACK_MULTIROW,札幌,20030522,5,source_rows=2
PAYBACK_MULTIROW,札幌,20040503,1,source_rows=2
PAYBACK_MULTIROW,札幌,20050511,9,source_rows=2
PAYBACK_MULTIROW,札幌,20060504,3,source_rows=2
PAYBACK_MULTIROW,札幌,20060518,8,source_rows=2
PAYBACK_MULTIROW,札幌,20060607,5,source_rows=2
PAYBACK_MULTIROW,札幌,20061102,11,source_rows=2
PAYBACK_MULTIROW,札幌,20061102,6,source_rows=2
PAYBACK_MULTIROW,札幌,20061102,8,source_rows=2
PAYBACK_MULTIROW,札幌,20090430,3,source_rows=2
PAYBACK_MULTIROW,札幌,20090514,7,source_rows=2
PAYBACK_MULTIROW,水沢,19980105,4,source_rows=2
PAYBACK_MULTIROW,水沢,19980718,2,source_rows=2
PAYBACK_MULTIROW,水沢,19980928,9,source_rows=2
PAYBACK_MULTIROW,水沢,19981130,1,source_rows=2
PAYBACK_MULTIROW,水沢,19981230,4,source_rows=2
PAYBACK_MULTIROW,水沢,19990118,7,source_rows=2
PAYBACK_MULTIROW,水沢,19990424,4,source_rows=2
PAYBACK_MULTIROW,水沢,19990503,11,source_rows=2
PAYBACK_MULTIROW,水沢,19990925,10,source_rows=2
PAYBACK_MULTIROW,水沢,19991225,10,source_rows=2
PAYBACK_MULTIROW,水沢,20000505,8,source_rows=2
PAYBACK_MULTIROW,水沢,20000716,8,source_rows=2
PAYBACK_MULTIROW,水沢,20000917,4,source_rows=2
PAYBACK_MULTIROW,水沢,20001216,10,source_rows=2
PAYBACK_MULTIROW,水沢,20010407,4,source_rows=2
PAYBACK_MULTIROW,水沢,20010513,1,source_rows=2
PAYBACK_MULTIROW,水沢,20010624,9,source_rows=2
PAYBACK_MULTIROW,水沢,20020114,8,source_rows=2
PAYBACK_MULTIROW,水沢,20020901,2,source_rows=2
PAYBACK_MULTIROW,水沢,20021207,3,source_rows=2
PAYBACK_MULTIROW,水沢,20030706,4,source_rows=2
PAYBACK_MULTIROW,水沢,20030830,10,source_rows=2
PAYBACK_MULTIROW,水沢,20030901,11,source_rows=2
PAYBACK_MULTIROW,水沢,20030913,5,source_rows=2
PAYBACK_MULTIROW,水沢,20031207,11,source_rows=2
PAYBACK_MULTIROW,水沢,20031213,11,source_rows=2
PAYBACK_MULTIROW,水沢,20031230,11,source_rows=2
PAYBACK_MULTIROW,水沢,20041128,7,source_rows=2
PAYBACK_MULTIROW,水沢,20041211,5,source_rows=2
PAYBACK_MULTIROW,水沢,20050416,7,source_rows=2
PAYBACK_MULTIROW,水沢,20050611,6,source_rows=2
PAYBACK_MULTIROW,水沢,20050626,6,source_rows=2
PAYBACK_MULTIROW,水沢,20051218,6,source_rows=2
PAYBACK_MULTIROW,水沢,20051230,10,source_rows=2
PAYBACK_MULTIROW,水沢,20051231,9,source_rows=2
PAYBACK_MULTIROW,水沢,20060109,11,source_rows=2
PAYBACK_MULTIROW,水沢,20060612,10,source_rows=2
PAYBACK_MULTIROW,水沢,20060826,4,source_rows=2
PAYBACK_MULTIROW,水沢,20070428,6,source_rows=2
PAYBACK_MULTIROW,水沢,20070806,8,source_rows=2
PAYBACK_MULTIROW,水沢,20070903,1,source_rows=2
PAYBACK_MULTIROW,水沢,20071215,8,source_rows=2
PAYBACK_MULTIROW,水沢,20071223,4,source_rows=2
PAYBACK_MULTIROW,水沢,20071223,8,source_rows=2
PAYBACK_MULTIROW,水沢,20080104,9,source_rows=2
PAYBACK_MULTIROW,水沢,20080506,7,source_rows=2
PAYBACK_MULTIROW,水沢,20080517,11,source_rows=2
PAYBACK_MULTIROW,水沢,20080802,2,source_rows=2
PAYBACK_MULTIROW,水沢,20081103,2,source_rows=2
PAYBACK_MULTIROW,水沢,20081206,10,source_rows=2
PAYBACK_MULTIROW,水沢,20081230,6,source_rows=2
PAYBACK_MULTIROW,水沢,20090104,6,source_rows=2
PAYBACK_MULTIROW,水沢,20090111,4,source_rows=2
PAYBACK_MULTIROW,水沢,20090328,4,source_rows=2
PAYBACK_MULTIROW,水沢,20090404,8,source_rows=2
PAYBACK_MULTIROW,水沢,20090413,4,source_rows=2
PAYBACK_MULTIROW,水沢,20090418,1,source_rows=2
PAYBACK_MULTIROW,水沢,20091206,1,source_rows=2
PAYBACK_MULTIROW,水沢,20100102,5,source_rows=2
PAYBACK_MULTIROW,水沢,20100110,10,source_rows=2
PAYBACK_MULTIROW,水沢,20100329,3,source_rows=2
PAYBACK_MULTIROW,水沢,20100404,3,source_rows=2
PAYBACK_MULTIROW,水沢,20100417,8,source_rows=2
PAYBACK_MULTIROW,水沢,20100505,11,source_rows=2
PAYBACK_MULTIROW,水沢,20100505,4,source_rows=2
PAYBACK_MULTIROW,水沢,20100913,11,source_rows=2
PAYBACK_MULTIROW,水沢,20101218,8,source_rows=2
PAYBACK_MULTIROW,水沢,20120408,2,source_rows=2
PAYBACK_MULTIROW,水沢,20120625,5,source_rows=2
PAYBACK_MULTIROW,水沢,20120909,3,source_rows=2
PAYBACK_MULTIROW,水沢,20120915,4,source_rows=2
PAYBACK_MULTIROW,水沢,20121118,1,source_rows=2
PAYBACK_MULTIROW,水沢,20130330,4,source_rows=2
PAYBACK_MULTIROW,水沢,20131222,7,source_rows=2
PAYBACK_MULTIROW,水沢,20140628,4,source_rows=2
PAYBACK_MULTIROW,水沢,20140630,2,source_rows=2
PAYBACK_MULTIROW,水沢,20140824,6,source_rows=2
PAYBACK_MULTIROW,水沢,20141124,4,source_rows=2
PAYBACK_MULTIROW,水沢,20141201,5,source_rows=2
PAYBACK_MULTIROW,水沢,20141220,9,source_rows=2
PAYBACK_MULTIROW,水沢,20150614,4,source_rows=2
PAYBACK_MULTIROW,水沢,20161203,10,source_rows=2
PAYBACK_MULTIROW,水沢,20170108,9,source_rows=2
PAYBACK_MULTIROW,水沢,20170327,10,source_rows=2
PAYBACK_MULTIROW,水沢,20170408,8,source_rows=2
PAYBACK_MULTIROW,水沢,20180102,10,source_rows=2
PAYBACK_MULTIROW,水沢,20180416,10,source_rows=2
PAYBACK_MULTIROW,水沢,20180617,9,source_rows=2
PAYBACK_MULTIROW,水沢,20180909,5,source_rows=2
PAYBACK_MULTIROW,水沢,20181208,7,source_rows=2
PAYBACK_MULTIROW,水沢,20181216,2,source_rows=2
PAYBACK_MULTIROW,水沢,20190414,5,source_rows=2
PAYBACK_MULTIROW,水沢,20190506,2,source_rows=2
PAYBACK_MULTIROW,水沢,20190826,10,source_rows=2
PAYBACK_MULTIROW,水沢,20200630,1,source_rows=2
PAYBACK_MULTIROW,水沢,20200823,3,source_rows=2
PAYBACK_MULTIROW,水沢,20200823,8,source_rows=2
PAYBACK_MULTIROW,水沢,20210315,5,source_rows=2
PAYBACK_MULTIROW,水沢,20210321,9,source_rows=2
PAYBACK_MULTIROW,水沢,20220418,2,source_rows=2
PAYBACK_MULTIROW,水沢,20220419,6,source_rows=2
PAYBACK_MULTIROW,水沢,20220502,11,source_rows=2
PAYBACK_MULTIROW,水沢,20230403,12,source_rows=2
PAYBACK_MULTIROW,水沢,20230403,9,source_rows=2
PAYBACK_MULTIROW,水沢,20230613,5,source_rows=2
PAYBACK_MULTIROW,水沢,20230827,1,source_rows=2
PAYBACK_MULTIROW,水沢,20241119,5,source_rows=2
PAYBACK_MULTIROW,水沢,20250325,10,source_rows=2
PAYBACK_MULTIROW,水沢,20251201,10,source_rows=2
PAYBACK_MULTIROW,水沢,20260429,5,source_rows=2
PAYBACK_MULTIROW,水沢,20260622,7,source_rows=2
PAYBACK_MULTIROW,浦和,19980112,3,source_rows=2
PAYBACK_MULTIROW,浦和,19980114,10,source_rows=2
PAYBACK_MULTIROW,浦和,19980422,2,source_rows=2
PAYBACK_MULTIROW,浦和,19981209,3,source_rows=2
PAYBACK_MULTIROW,浦和,19981228,10,source_rows=2
PAYBACK_MULTIROW,浦和,19990511,3,source_rows=2
PAYBACK_MULTIROW,浦和,19991216,8,source_rows=2
PAYBACK_MULTIROW,浦和,20000103,8,source_rows=2
PAYBACK_MULTIROW,浦和,20010322,8,source_rows=2
PAYBACK_MULTIROW,浦和,20010406,4,source_rows=2
PAYBACK_MULTIROW,浦和,20010410,10,source_rows=2
PAYBACK_MULTIROW,浦和,20020117,3,source_rows=2
PAYBACK_MULTIROW,浦和,20020208,3,source_rows=2
PAYBACK_MULTIROW,浦和,20020208,7,source_rows=2
PAYBACK_MULTIROW,浦和,20030402,6,source_rows=2
PAYBACK_MULTIROW,浦和,20030801,5,source_rows=2
PAYBACK_MULTIROW,浦和,20031013,5,source_rows=2
PAYBACK_MULTIROW,浦和,20040126,5,source_rows=2
PAYBACK_MULTIROW,浦和,20050303,1,source_rows=2
PAYBACK_MULTIROW,浦和,20060307,2,source_rows=2
PAYBACK_MULTIROW,浦和,20060428,9,source_rows=2
PAYBACK_MULTIROW,浦和,20060719,7,source_rows=2
PAYBACK_MULTIROW,浦和,20061121,10,source_rows=2
PAYBACK_MULTIROW,浦和,20061222,7,source_rows=2
PAYBACK_MULTIROW,浦和,20070423,9,source_rows=2
PAYBACK_MULTIROW,浦和,20070622,1,source_rows=2
PAYBACK_MULTIROW,浦和,20071122,11,source_rows=2
PAYBACK_MULTIROW,浦和,20080318,6,source_rows=2
PAYBACK_MULTIROW,浦和,20090116,3,source_rows=2
PAYBACK_MULTIROW,浦和,20100323,3,source_rows=2
PAYBACK_MULTIROW,浦和,20100624,8,source_rows=2
PAYBACK_MULTIROW,浦和,20101015,10,source_rows=2
PAYBACK_MULTIROW,浦和,20110427,12,source_rows=2
PAYBACK_MULTIROW,浦和,20110809,4,source_rows=2
PAYBACK_MULTIROW,浦和,20111223,8,source_rows=2
PAYBACK_MULTIROW,浦和,20120803,4,source_rows=2
PAYBACK_MULTIROW,浦和,20121012,3,source_rows=2
PAYBACK_MULTIROW,浦和,20130118,12,source_rows=2
PAYBACK_MULTIROW,浦和,20130212,10,source_rows=2
PAYBACK_MULTIROW,浦和,20130320,1,source_rows=2
PAYBACK_MULTIROW,浦和,20150219,7,source_rows=2
PAYBACK_MULTIROW,浦和,20150220,10,source_rows=2
PAYBACK_MULTIROW,浦和,20151026,5,source_rows=2
PAYBACK_MULTIROW,浦和,20160426,10,source_rows=2
PAYBACK_MULTIROW,浦和,20160601,9,source_rows=2
PAYBACK_MULTIROW,浦和,20161221,7,source_rows=2
PAYBACK_MULTIROW,浦和,20170719,2,source_rows=2
PAYBACK_MULTIROW,浦和,20170719,9,source_rows=2
PAYBACK_MULTIROW,浦和,20170817,1,source_rows=2
PAYBACK_MULTIROW,浦和,20180925,8,source_rows=2
PAYBACK_MULTIROW,浦和,20190211,8,source_rows=2
PAYBACK_MULTIROW,浦和,20190816,7,source_rows=2
PAYBACK_MULTIROW,浦和,20191009,2,source_rows=2
PAYBACK_MULTIROW,浦和,20191129,9,source_rows=2
PAYBACK_MULTIROW,浦和,20200327,11,source_rows=2
PAYBACK_MULTIROW,浦和,20200701,2,source_rows=2
PAYBACK_MULTIROW,浦和,20201021,7,source_rows=2
PAYBACK_MULTIROW,浦和,20210823,1,source_rows=2
PAYBACK_MULTIROW,浦和,20210824,12,source_rows=2
PAYBACK_MULTIROW,浦和,20211022,5,source_rows=2
PAYBACK_MULTIROW,浦和,20220223,11,source_rows=2
PAYBACK_MULTIROW,浦和,20220317,12,source_rows=2
PAYBACK_MULTIROW,浦和,20220718,2,source_rows=2
PAYBACK_MULTIROW,浦和,20220720,1,source_rows=2
PAYBACK_MULTIROW,浦和,20221020,12,source_rows=2
PAYBACK_MULTIROW,浦和,20221020,4,source_rows=2
PAYBACK_MULTIROW,浦和,20221121,4,source_rows=2
PAYBACK_MULTIROW,浦和,20221227,10,source_rows=2
PAYBACK_MULTIROW,浦和,20230428,2,source_rows=2
PAYBACK_MULTIROW,浦和,20240110,8,source_rows=2
PAYBACK_MULTIROW,浦和,20240716,4,source_rows=2
PAYBACK_MULTIROW,浦和,20240920,10,source_rows=2
PAYBACK_MULTIROW,浦和,20250818,11,source_rows=2
PAYBACK_MULTIROW,浦和,20260422,10,source_rows=2
PAYBACK_MULTIROW,益田,19980418,3,source_rows=2
PAYBACK_MULTIROW,益田,19981107,4,source_rows=2
PAYBACK_MULTIROW,益田,19981226,6,source_rows=2
PAYBACK_MULTIROW,益田,19981228,5,source_rows=2
PAYBACK_MULTIROW,益田,19991010,3,source_rows=2
PAYBACK_MULTIROW,益田,20000505,4,source_rows=2
PAYBACK_MULTIROW,益田,20000805,3,source_rows=2
PAYBACK_MULTIROW,益田,20010408,6,source_rows=2
PAYBACK_MULTIROW,益田,20010415,4,source_rows=2
PAYBACK_MULTIROW,益田,20020406,9,source_rows=2
PAYBACK_MULTIROW,盛岡,19980516,4,source_rows=2
PAYBACK_MULTIROW,盛岡,19980524,4,source_rows=2
PAYBACK_MULTIROW,盛岡,19980601,5,source_rows=2
PAYBACK_MULTIROW,盛岡,19980621,6,source_rows=2
PAYBACK_MULTIROW,盛岡,19980727,2,source_rows=2
PAYBACK_MULTIROW,盛岡,19981108,8,source_rows=2
PAYBACK_MULTIROW,盛岡,19981121,10,source_rows=2
PAYBACK_MULTIROW,盛岡,19990726,3,source_rows=2
PAYBACK_MULTIROW,盛岡,19990808,1,source_rows=2
PAYBACK_MULTIROW,盛岡,19990829,9,source_rows=2
PAYBACK_MULTIROW,盛岡,19991024,4,source_rows=2
PAYBACK_MULTIROW,盛岡,19991114,2,source_rows=2
PAYBACK_MULTIROW,盛岡,19991122,8,source_rows=2
PAYBACK_MULTIROW,盛岡,20000514,10,source_rows=2
PAYBACK_MULTIROW,盛岡,20000514,2,source_rows=2
PAYBACK_MULTIROW,盛岡,20000813,5,source_rows=2
PAYBACK_MULTIROW,盛岡,20001015,10,source_rows=2
PAYBACK_MULTIROW,盛岡,20010930,4,source_rows=2
PAYBACK_MULTIROW,盛岡,20011103,5,source_rows=2
PAYBACK_MULTIROW,盛岡,20011125,1,source_rows=2
PAYBACK_MULTIROW,盛岡,20020525,10,source_rows=2
PAYBACK_MULTIROW,盛岡,20020601,9,source_rows=2
PAYBACK_MULTIROW,盛岡,20020720,1,source_rows=2
PAYBACK_MULTIROW,盛岡,20020728,1,source_rows=2
PAYBACK_MULTIROW,盛岡,20020804,4,source_rows=2
PAYBACK_MULTIROW,盛岡,20020817,1,source_rows=2
PAYBACK_MULTIROW,盛岡,20020921,7,source_rows=2
PAYBACK_MULTIROW,盛岡,20021102,1,source_rows=2
PAYBACK_MULTIROW,盛岡,20021116,10,source_rows=2
PAYBACK_MULTIROW,盛岡,20030726,6,source_rows=2
PAYBACK_MULTIROW,盛岡,20030813,4,source_rows=2
PAYBACK_MULTIROW,盛岡,20030817,1,source_rows=2
PAYBACK_MULTIROW,盛岡,20031018,9,source_rows=2
PAYBACK_MULTIROW,盛岡,20031019,6,source_rows=2
PAYBACK_MULTIROW,盛岡,20031122,6,source_rows=2
PAYBACK_MULTIROW,盛岡,20040523,6,source_rows=2
PAYBACK_MULTIROW,盛岡,20041017,9,source_rows=2
PAYBACK_MULTIROW,盛岡,20050604,4,source_rows=2
PAYBACK_MULTIROW,盛岡,20050808,9,source_rows=2
PAYBACK_MULTIROW,盛岡,20050918,7,source_rows=2
PAYBACK_MULTIROW,盛岡,20051002,11,source_rows=2
PAYBACK_MULTIROW,盛岡,20060513,1,source_rows=2
PAYBACK_MULTIROW,盛岡,20060527,4,source_rows=2
PAYBACK_MULTIROW,盛岡,20060528,11,source_rows=2
PAYBACK_MULTIROW,盛岡,20060528,3,source_rows=2
PAYBACK_MULTIROW,盛岡,20060723,7,source_rows=2
PAYBACK_MULTIROW,盛岡,20060724,5,source_rows=2
PAYBACK_MULTIROW,盛岡,20060813,7,source_rows=2
PAYBACK_MULTIROW,盛岡,20061007,6,source_rows=2
PAYBACK_MULTIROW,盛岡,20061021,1,source_rows=2
PAYBACK_MULTIROW,盛岡,20061028,7,source_rows=2
PAYBACK_MULTIROW,盛岡,20070611,7,source_rows=2
PAYBACK_MULTIROW,盛岡,20070701,5,source_rows=2
PAYBACK_MULTIROW,盛岡,20070708,3,source_rows=2
PAYBACK_MULTIROW,盛岡,20071029,2,source_rows=2
PAYBACK_MULTIROW,盛岡,20080630,3,source_rows=2
PAYBACK_MULTIROW,盛岡,20080915,8,source_rows=2
PAYBACK_MULTIROW,盛岡,20081004,11,source_rows=2
PAYBACK_MULTIROW,盛岡,20081012,5,source_rows=2
PAYBACK_MULTIROW,盛岡,20090718,10,source_rows=2
PAYBACK_MULTIROW,盛岡,20090809,1,source_rows=2
PAYBACK_MULTIROW,盛岡,20090814,3,source_rows=2
PAYBACK_MULTIROW,盛岡,20100516,8,source_rows=2
PAYBACK_MULTIROW,盛岡,20100815,5,source_rows=2
PAYBACK_MULTIROW,盛岡,20101024,8,source_rows=2
PAYBACK_MULTIROW,盛岡,20101025,2,source_rows=2
PAYBACK_MULTIROW,盛岡,20110626,11,source_rows=2
PAYBACK_MULTIROW,盛岡,20110703,1,source_rows=2
PAYBACK_MULTIROW,盛岡,20110723,6,source_rows=2
PAYBACK_MULTIROW,盛岡,20110807,6,source_rows=2
PAYBACK_MULTIROW,盛岡,20110822,1,source_rows=2
PAYBACK_MULTIROW,盛岡,20110828,11,source_rows=2
PAYBACK_MULTIROW,盛岡,20111017,7,source_rows=2
PAYBACK_MULTIROW,盛岡,20120611,10,source_rows=2
PAYBACK_MULTIROW,盛岡,20120715,4,source_rows=2
PAYBACK_MULTIROW,盛岡,20120819,5,source_rows=2
PAYBACK_MULTIROW,盛岡,20120819,7,source_rows=2
PAYBACK_MULTIROW,盛岡,20121006,7,source_rows=2
PAYBACK_MULTIROW,盛岡,20121110,8,source_rows=2
PAYBACK_MULTIROW,盛岡,20130805,10,source_rows=2
PAYBACK_MULTIROW,盛岡,20131102,5,source_rows=2
PAYBACK_MULTIROW,盛岡,20140601,3,source_rows=2
PAYBACK_MULTIROW,盛岡,20140802,11,source_rows=2
PAYBACK_MULTIROW,盛岡,20140815,8,source_rows=2
PAYBACK_MULTIROW,盛岡,20160717,1,source_rows=2
PAYBACK_MULTIROW,盛岡,20160723,9,source_rows=2
PAYBACK_MULTIROW,盛岡,20170716,11,source_rows=2
PAYBACK_MULTIROW,盛岡,20170731,3,source_rows=2
PAYBACK_MULTIROW,盛岡,20170813,10,source_rows=2
PAYBACK_MULTIROW,盛岡,20171029,7,source_rows=2
PAYBACK_MULTIROW,盛岡,20180519,8,source_rows=2
PAYBACK_MULTIROW,盛岡,20180916,12,source_rows=2
PAYBACK_MULTIROW,盛岡,20190714,6,source_rows=2
PAYBACK_MULTIROW,盛岡,20190928,1,source_rows=2
PAYBACK_MULTIROW,盛岡,20191021,7,source_rows=2
PAYBACK_MULTIROW,盛岡,20191026,5,source_rows=2
PAYBACK_MULTIROW,盛岡,20200531,9,source_rows=2
PAYBACK_MULTIROW,盛岡,20200608,2,source_rows=2
PAYBACK_MULTIROW,盛岡,20200721,12,source_rows=2
PAYBACK_MULTIROW,盛岡,20200801,11,source_rows=2
PAYBACK_MULTIROW,盛岡,20200922,10,source_rows=2
PAYBACK_MULTIROW,盛岡,20201004,11,source_rows=2
PAYBACK_MULTIROW,盛岡,20210629,6,source_rows=2
PAYBACK_MULTIROW,盛岡,20210706,11,source_rows=2
PAYBACK_MULTIROW,盛岡,20220712,2,source_rows=2
PAYBACK_MULTIROW,盛岡,20220920,11,source_rows=2
PAYBACK_MULTIROW,盛岡,20221004,7,source_rows=2
PAYBACK_MULTIROW,盛岡,20221114,1,source_rows=2
PAYBACK_MULTIROW,盛岡,20221120,7,source_rows=2
PAYBACK_MULTIROW,盛岡,20230522,12,source_rows=2
PAYBACK_MULTIROW,盛岡,20230523,8,source_rows=2
PAYBACK_MULTIROW,盛岡,20230801,6,source_rows=2
PAYBACK_MULTIROW,盛岡,20230918,11,source_rows=2
PAYBACK_MULTIROW,盛岡,20240708,11,source_rows=2
PAYBACK_MULTIROW,盛岡,20240716,12,source_rows=2
PAYBACK_MULTIROW,盛岡,20250506,4,source_rows=2
PAYBACK_MULTIROW,盛岡,20250714,9,source_rows=2
PAYBACK_MULTIROW,盛岡,20250812,6,source_rows=2
PAYBACK_MULTIROW,盛岡,20250826,8,source_rows=2
PAYBACK_MULTIROW,盛岡,20251110,5,source_rows=2
PAYBACK_MULTIROW,盛岡,20260517,5,source_rows=2
PAYBACK_MULTIROW,盛岡,20260713,4,source_rows=2
PAYBACK_MULTIROW,福山,19980125,3,source_rows=2
PAYBACK_MULTIROW,福山,19980223,9,source_rows=2
PAYBACK_MULTIROW,福山,19980627,8,source_rows=2
PAYBACK_MULTIROW,福山,19980706,8,source_rows=2
PAYBACK_MULTIROW,福山,19980718,10,source_rows=2
PAYBACK_MULTIROW,福山,19981123,2,source_rows=2
PAYBACK_MULTIROW,福山,19981221,5,source_rows=2
PAYBACK_MULTIROW,福山,19990704,7,source_rows=2
PAYBACK_MULTIROW,福山,19991024,2,source_rows=2
PAYBACK_MULTIROW,福山,19991127,2,source_rows=2
PAYBACK_MULTIROW,福山,20000227,7,source_rows=2
PAYBACK_MULTIROW,福山,20000408,1,source_rows=2
PAYBACK_MULTIROW,福山,20000701,1,source_rows=2
PAYBACK_MULTIROW,福山,20000917,3,source_rows=2
PAYBACK_MULTIROW,福山,20001230,1,source_rows=2
PAYBACK_MULTIROW,福山,20010219,9,source_rows=2
PAYBACK_MULTIROW,福山,20010415,5,source_rows=2
PAYBACK_MULTIROW,福山,20011124,6,source_rows=2
PAYBACK_MULTIROW,福山,20011223,5,source_rows=2
PAYBACK_MULTIROW,福山,20020629,10,source_rows=2
PAYBACK_MULTIROW,福山,20020728,10,source_rows=2
PAYBACK_MULTIROW,福山,20021223,7,source_rows=2
PAYBACK_MULTIROW,福山,20030113,7,source_rows=2
PAYBACK_MULTIROW,福山,20030223,7,source_rows=2
PAYBACK_MULTIROW,福山,20030412,3,source_rows=2
PAYBACK_MULTIROW,福山,20030524,8,source_rows=2
PAYBACK_MULTIROW,福山,20030531,3,source_rows=2
PAYBACK_MULTIROW,福山,20030629,3,source_rows=2
PAYBACK_MULTIROW,福山,20030713,8,source_rows=2
PAYBACK_MULTIROW,福山,20030727,7,source_rows=2
PAYBACK_MULTIROW,福山,20030815,3,source_rows=2
PAYBACK_MULTIROW,福山,20030817,7,source_rows=2
PAYBACK_MULTIROW,福山,20031130,1,source_rows=2
PAYBACK_MULTIROW,福山,20040208,1,source_rows=2
PAYBACK_MULTIROW,福山,20040808,2,source_rows=2
PAYBACK_MULTIROW,福山,20040808,9,source_rows=2
PAYBACK_MULTIROW,福山,20041002,8,source_rows=2
PAYBACK_MULTIROW,福山,20041127,2,source_rows=2
PAYBACK_MULTIROW,福山,20041218,8,source_rows=2
PAYBACK_MULTIROW,福山,20050115,2,source_rows=2
PAYBACK_MULTIROW,福山,20050115,5,source_rows=2
PAYBACK_MULTIROW,福山,20050130,7,source_rows=2
PAYBACK_MULTIROW,福山,20050206,7,source_rows=2
PAYBACK_MULTIROW,福山,20050326,7,source_rows=2
PAYBACK_MULTIROW,福山,20051010,5,source_rows=2
PAYBACK_MULTIROW,福山,20060114,7,source_rows=2
PAYBACK_MULTIROW,福山,20060211,8,source_rows=2
PAYBACK_MULTIROW,福山,20060305,4,source_rows=2
PAYBACK_MULTIROW,福山,20060717,4,source_rows=2
PAYBACK_MULTIROW,福山,20061202,6,source_rows=2
PAYBACK_MULTIROW,福山,20070429,11,source_rows=2
PAYBACK_MULTIROW,福山,20070728,6,source_rows=2
PAYBACK_MULTIROW,福山,20071028,6,source_rows=2
PAYBACK_MULTIROW,福山,20071104,1,source_rows=2
PAYBACK_MULTIROW,福山,20071202,5,source_rows=2
PAYBACK_MULTIROW,福山,20080104,2,source_rows=2
PAYBACK_MULTIROW,福山,20080302,3,source_rows=2
PAYBACK_MULTIROW,福山,20080420,7,source_rows=2
PAYBACK_MULTIROW,福山,20080504,6,source_rows=2
PAYBACK_MULTIROW,福山,20080629,8,source_rows=2
PAYBACK_MULTIROW,福山,20080706,7,source_rows=2
PAYBACK_MULTIROW,福山,20080721,7,source_rows=2
PAYBACK_MULTIROW,福山,20081026,9,source_rows=2
PAYBACK_MULTIROW,福山,20090131,5,source_rows=2
PAYBACK_MULTIROW,福山,20090418,2,source_rows=2
PAYBACK_MULTIROW,福山,20090504,1,source_rows=2
PAYBACK_MULTIROW,福山,20090814,7,source_rows=2
PAYBACK_MULTIROW,福山,20100612,3,source_rows=2
PAYBACK_MULTIROW,福山,20100814,11,source_rows=2
PAYBACK_MULTIROW,福山,20101011,10,source_rows=2
PAYBACK_MULTIROW,福山,20101017,3,source_rows=2
PAYBACK_MULTIROW,福山,20110206,2,source_rows=2
PAYBACK_MULTIROW,福山,20110604,1,source_rows=2
PAYBACK_MULTIROW,福山,20110905,6,source_rows=2
PAYBACK_MULTIROW,福山,20111016,1,source_rows=2
PAYBACK_MULTIROW,福山,20120205,10,source_rows=2
PAYBACK_MULTIROW,福山,20120212,9,source_rows=2
PAYBACK_MULTIROW,福山,20120414,11,source_rows=2
PAYBACK_MULTIROW,福山,20120428,8,source_rows=2
PAYBACK_MULTIROW,福山,20120506,10,source_rows=2
PAYBACK_MULTIROW,福山,20120603,3,source_rows=2
PAYBACK_MULTIROW,福山,20120630,7,source_rows=2
PAYBACK_MULTIROW,福山,20130112,9,source_rows=2
PAYBACK_MULTIROW,笠松,19980604,9,source_rows=2
PAYBACK_MULTIROW,笠松,19981006,11,source_rows=2
PAYBACK_MULTIROW,笠松,19981127,7,source_rows=2
PAYBACK_MULTIROW,笠松,19981215,6,source_rows=2
PAYBACK_MULTIROW,笠松,19990110,10,source_rows=2
PAYBACK_MULTIROW,笠松,19990124,1,source_rows=2
PAYBACK_MULTIROW,笠松,19990127,7,source_rows=2
PAYBACK_MULTIROW,笠松,19990311,6,source_rows=2
PAYBACK_MULTIROW,笠松,19990406,1,source_rows=2
PAYBACK_MULTIROW,笠松,19990518,2,source_rows=2
PAYBACK_MULTIROW,笠松,19990518,7,source_rows=2
PAYBACK_MULTIROW,笠松,19991125,3,source_rows=2
PAYBACK_MULTIROW,笠松,20000111,5,source_rows=2
PAYBACK_MULTIROW,笠松,20000206,9,source_rows=2
PAYBACK_MULTIROW,笠松,20000427,10,source_rows=2
PAYBACK_MULTIROW,笠松,20000831,8,source_rows=2
PAYBACK_MULTIROW,笠松,20000911,6,source_rows=2
PAYBACK_MULTIROW,笠松,20001123,1,source_rows=2
PAYBACK_MULTIROW,笠松,20010604,7,source_rows=2
PAYBACK_MULTIROW,笠松,20010605,2,source_rows=2
PAYBACK_MULTIROW,笠松,20011126,4,source_rows=2
PAYBACK_MULTIROW,笠松,20011220,2,source_rows=2
PAYBACK_MULTIROW,笠松,20011228,9,source_rows=2
PAYBACK_MULTIROW,笠松,20011231,10,source_rows=2
PAYBACK_MULTIROW,笠松,20011231,3,source_rows=2
PAYBACK_MULTIROW,笠松,20020212,10,source_rows=2
PAYBACK_MULTIROW,笠松,20020213,10,source_rows=2
PAYBACK_MULTIROW,笠松,20020405,2,source_rows=2
PAYBACK_MULTIROW,笠松,20020619,8,source_rows=2
PAYBACK_MULTIROW,笠松,20020925,6,source_rows=2
PAYBACK_MULTIROW,笠松,20030303,3,source_rows=2
PAYBACK_MULTIROW,笠松,20030627,2,source_rows=2
PAYBACK_MULTIROW,笠松,20030717,10,source_rows=2
PAYBACK_MULTIROW,笠松,20031105,2,source_rows=2
PAYBACK_MULTIROW,笠松,20031125,9,source_rows=2
PAYBACK_MULTIROW,笠松,20031219,7,source_rows=2
PAYBACK_MULTIROW,笠松,20040201,3,source_rows=2
PAYBACK_MULTIROW,笠松,20040216,5,source_rows=2
PAYBACK_MULTIROW,笠松,20040302,4,source_rows=2
PAYBACK_MULTIROW,笠松,20040323,7,source_rows=2
PAYBACK_MULTIROW,笠松,20040430,3,source_rows=2
PAYBACK_MULTIROW,笠松,20040602,1,source_rows=2
PAYBACK_MULTIROW,笠松,20040604,7,source_rows=2
PAYBACK_MULTIROW,笠松,20040816,10,source_rows=2
PAYBACK_MULTIROW,笠松,20041126,10,source_rows=2
PAYBACK_MULTIROW,笠松,20050110,9,source_rows=2
PAYBACK_MULTIROW,笠松,20050114,4,source_rows=2
PAYBACK_MULTIROW,笠松,20050712,1,source_rows=2
PAYBACK_MULTIROW,笠松,20050920,10,source_rows=2
PAYBACK_MULTIROW,笠松,20051124,2,source_rows=2
PAYBACK_MULTIROW,笠松,20051124,4,source_rows=2
PAYBACK_MULTIROW,笠松,20051228,4,source_rows=2
PAYBACK_MULTIROW,笠松,20060124,10,source_rows=2
PAYBACK_MULTIROW,笠松,20060306,5,source_rows=2
PAYBACK_MULTIROW,笠松,20060519,10,source_rows=2
PAYBACK_MULTIROW,笠松,20060530,4,source_rows=2
PAYBACK_MULTIROW,笠松,20060602,8,source_rows=2
PAYBACK_MULTIROW,笠松,20060830,1,source_rows=2
PAYBACK_MULTIROW,笠松,20070212,8,source_rows=2
PAYBACK_MULTIROW,笠松,20071128,9,source_rows=2
PAYBACK_MULTIROW,笠松,20080403,1,source_rows=2
PAYBACK_MULTIROW,笠松,20080422,1,source_rows=2
PAYBACK_MULTIROW,笠松,20080926,7,source_rows=2
PAYBACK_MULTIROW,笠松,20090123,2,source_rows=2
PAYBACK_MULTIROW,笠松,20090309,9,source_rows=2
PAYBACK_MULTIROW,笠松,20091028,7,source_rows=2
PAYBACK_MULTIROW,笠松,20091113,1,source_rows=2
PAYBACK_MULTIROW,笠松,20100122,9,source_rows=2
PAYBACK_MULTIROW,笠松,20100402,6,source_rows=2
PAYBACK_MULTIROW,笠松,20100707,2,source_rows=2
PAYBACK_MULTIROW,笠松,20100922,4,source_rows=2
PAYBACK_MULTIROW,笠松,20101011,6,source_rows=2
PAYBACK_MULTIROW,笠松,20101013,4,source_rows=2
PAYBACK_MULTIROW,笠松,20110131,1,source_rows=2
PAYBACK_MULTIROW,笠松,20110407,6,source_rows=2
PAYBACK_MULTIROW,笠松,20110615,7,source_rows=2
PAYBACK_MULTIROW,笠松,20111003,8,source_rows=2
PAYBACK_MULTIROW,笠松,20111014,11,source_rows=2
PAYBACK_MULTIROW,笠松,20111107,6,source_rows=2
PAYBACK_MULTIROW,笠松,20120831,1,source_rows=2
PAYBACK_MULTIROW,笠松,20120912,3,source_rows=2
PAYBACK_MULTIROW,笠松,20130108,8,source_rows=2
PAYBACK_MULTIROW,笠松,20130124,2,source_rows=2
PAYBACK_MULTIROW,笠松,20130314,8,source_rows=2
PAYBACK_MULTIROW,笠松,20130816,4,source_rows=2
PAYBACK_MULTIROW,笠松,20140225,2,source_rows=2
PAYBACK_MULTIROW,笠松,20141029,3,source_rows=2
PAYBACK_MULTIROW,笠松,20141111,2,source_rows=2
PAYBACK_MULTIROW,笠松,20141212,8,source_rows=2
PAYBACK_MULTIROW,笠松,20150320,3,source_rows=2
PAYBACK_MULTIROW,笠松,20150501,8,source_rows=2
PAYBACK_MULTIROW,笠松,20151002,6,source_rows=2
PAYBACK_MULTIROW,笠松,20151016,11,source_rows=2
PAYBACK_MULTIROW,笠松,20151029,9,source_rows=2
PAYBACK_MULTIROW,笠松,20151124,6,source_rows=2
PAYBACK_MULTIROW,笠松,20151127,11,source_rows=2
PAYBACK_MULTIROW,笠松,20160127,1,source_rows=2
PAYBACK_MULTIROW,笠松,20160928,3,source_rows=2
PAYBACK_MULTIROW,笠松,20161108,1,source_rows=2
PAYBACK_MULTIROW,笠松,20180111,10,source_rows=2
PAYBACK_MULTIROW,笠松,20180404,5,source_rows=2
PAYBACK_MULTIROW,笠松,20180816,8,source_rows=2
PAYBACK_MULTIROW,笠松,20190108,2,source_rows=2
PAYBACK_MULTIROW,笠松,20190122,6,source_rows=2
PAYBACK_MULTIROW,笠松,20200826,7,source_rows=2
PAYBACK_MULTIROW,笠松,20201106,6,source_rows=2
PAYBACK_MULTIROW,笠松,20220331,10,source_rows=2
PAYBACK_MULTIROW,笠松,20220512,11,source_rows=2
PAYBACK_MULTIROW,笠松,20220728,9,source_rows=2
PAYBACK_MULTIROW,笠松,20220729,7,source_rows=2
PAYBACK_MULTIROW,笠松,20230113,8,source_rows=2
PAYBACK_MULTIROW,笠松,20230127,5,source_rows=2
PAYBACK_MULTIROW,笠松,20230803,3,source_rows=2
PAYBACK_MULTIROW,笠松,20231027,9,source_rows=2
PAYBACK_MULTIROW,笠松,20250403,2,source_rows=2
PAYBACK_MULTIROW,笠松,20250414,8,source_rows=2
PAYBACK_MULTIROW,笠松,20251127,11,source_rows=2
PAYBACK_MULTIROW,笠松,20260106,4,source_rows=2
PAYBACK_MULTIROW,笠松,20260428,2,source_rows=2
PAYBACK_MULTIROW,笠松,20260501,1,source_rows=2
PAYBACK_MULTIROW,笠松,20260626,7,source_rows=2
PAYBACK_MULTIROW,船橋,19980102,5,source_rows=2
PAYBACK_MULTIROW,船橋,19980319,11,source_rows=2
PAYBACK_MULTIROW,船橋,19980526,1,source_rows=2
PAYBACK_MULTIROW,船橋,19981022,1,source_rows=2
PAYBACK_MULTIROW,船橋,19990315,2,source_rows=2
PAYBACK_MULTIROW,船橋,19990730,3,source_rows=2
PAYBACK_MULTIROW,船橋,19990818,9,source_rows=2
PAYBACK_MULTIROW,船橋,19991119,7,source_rows=2
PAYBACK_MULTIROW,船橋,20000215,11,source_rows=2
PAYBACK_MULTIROW,船橋,20000215,2,source_rows=2
PAYBACK_MULTIROW,船橋,20000405,5,source_rows=2
PAYBACK_MULTIROW,船橋,20000525,4,source_rows=2
PAYBACK_MULTIROW,船橋,20001128,10,source_rows=2
PAYBACK_MULTIROW,船橋,20020225,6,source_rows=2
PAYBACK_MULTIROW,船橋,20020701,8,source_rows=2
PAYBACK_MULTIROW,船橋,20021107,7,source_rows=2
PAYBACK_MULTIROW,船橋,20021203,12,source_rows=2
PAYBACK_MULTIROW,船橋,20030121,5,source_rows=2
PAYBACK_MULTIROW,船橋,20030702,6,source_rows=2
PAYBACK_MULTIROW,船橋,20031212,7,source_rows=2
PAYBACK_MULTIROW,船橋,20040323,11,source_rows=2
PAYBACK_MULTIROW,船橋,20040325,9,source_rows=2
PAYBACK_MULTIROW,船橋,20050218,12,source_rows=2
PAYBACK_MULTIROW,船橋,20051121,10,source_rows=2
PAYBACK_MULTIROW,船橋,20060405,10,source_rows=2
PAYBACK_MULTIROW,船橋,20060502,2,source_rows=2
PAYBACK_MULTIROW,船橋,20060620,2,source_rows=2
PAYBACK_MULTIROW,船橋,20060810,8,source_rows=2
PAYBACK_MULTIROW,船橋,20061116,11,source_rows=2
PAYBACK_MULTIROW,船橋,20080507,9,source_rows=2
PAYBACK_MULTIROW,船橋,20080612,8,source_rows=2
PAYBACK_MULTIROW,船橋,20080828,5,source_rows=2
PAYBACK_MULTIROW,船橋,20090107,3,source_rows=2
PAYBACK_MULTIROW,船橋,20091208,11,source_rows=2
PAYBACK_MULTIROW,船橋,20110225,11,source_rows=2
PAYBACK_MULTIROW,船橋,20111028,4,source_rows=2
PAYBACK_MULTIROW,船橋,20120207,3,source_rows=2
PAYBACK_MULTIROW,船橋,20120621,5,source_rows=2
PAYBACK_MULTIROW,船橋,20120723,6,source_rows=2
PAYBACK_MULTIROW,船橋,20120808,5,source_rows=2
PAYBACK_MULTIROW,船橋,20120924,5,source_rows=2
PAYBACK_MULTIROW,船橋,20121205,5,source_rows=2
PAYBACK_MULTIROW,船橋,20121206,11,source_rows=2
PAYBACK_MULTIROW,船橋,20130311,4,source_rows=2
PAYBACK_MULTIROW,船橋,20130405,11,source_rows=2
PAYBACK_MULTIROW,船橋,20130805,6,source_rows=2
PAYBACK_MULTIROW,船橋,20130807,11,source_rows=2
PAYBACK_MULTIROW,船橋,20131202,11,source_rows=2
PAYBACK_MULTIROW,船橋,20140214,8,source_rows=2
PAYBACK_MULTIROW,船橋,20140507,9,source_rows=2
PAYBACK_MULTIROW,船橋,20140721,1,source_rows=2
PAYBACK_MULTIROW,船橋,20160506,8,source_rows=2
PAYBACK_MULTIROW,船橋,20170414,7,source_rows=2
PAYBACK_MULTIROW,船橋,20180116,6,source_rows=2
PAYBACK_MULTIROW,船橋,20180205,4,source_rows=2
PAYBACK_MULTIROW,船橋,20180313,5,source_rows=2
PAYBACK_MULTIROW,船橋,20180502,8,source_rows=2
PAYBACK_MULTIROW,船橋,20180724,7,source_rows=2
PAYBACK_MULTIROW,船橋,20180727,12,source_rows=2
PAYBACK_MULTIROW,船橋,20180902,3,source_rows=2
PAYBACK_MULTIROW,船橋,20190116,9,source_rows=2
PAYBACK_MULTIROW,船橋,20190830,9,source_rows=2
PAYBACK_MULTIROW,船橋,20200310,10,source_rows=2
PAYBACK_MULTIROW,船橋,20200618,4,source_rows=2
PAYBACK_MULTIROW,船橋,20210315,10,source_rows=2
PAYBACK_MULTIROW,船橋,20210812,6,source_rows=2
PAYBACK_MULTIROW,船橋,20210904,7,source_rows=2
PAYBACK_MULTIROW,船橋,20220112,2,source_rows=2
PAYBACK_MULTIROW,船橋,20220215,11,source_rows=2
PAYBACK_MULTIROW,船橋,20220726,1,source_rows=2
PAYBACK_MULTIROW,船橋,20220819,7,source_rows=2
PAYBACK_MULTIROW,船橋,20220927,5,source_rows=2
PAYBACK_MULTIROW,船橋,20221128,5,source_rows=2
PAYBACK_MULTIROW,船橋,20230316,7,source_rows=2
PAYBACK_MULTIROW,船橋,20240304,6,source_rows=2
PAYBACK_MULTIROW,船橋,20241219,2,source_rows=2
PAYBACK_MULTIROW,船橋,20250314,7,source_rows=2
PAYBACK_MULTIROW,船橋,20260123,10,source_rows=2
PAYBACK_MULTIROW,荒尾,19980126,2,source_rows=2
PAYBACK_MULTIROW,荒尾,19980330,9,source_rows=2
PAYBACK_MULTIROW,荒尾,19980505,10,source_rows=2
PAYBACK_MULTIROW,荒尾,19980510,7,source_rows=2
PAYBACK_MULTIROW,荒尾,19980523,7,source_rows=2
PAYBACK_MULTIROW,荒尾,19980706,3,source_rows=2
PAYBACK_MULTIROW,荒尾,19980802,5,source_rows=2
PAYBACK_MULTIROW,荒尾,19980927,4,source_rows=2
PAYBACK_MULTIROW,荒尾,19981114,10,source_rows=2
PAYBACK_MULTIROW,荒尾,19981129,2,source_rows=2
PAYBACK_MULTIROW,荒尾,19990103,10,source_rows=2
PAYBACK_MULTIROW,荒尾,19990115,1,source_rows=2
PAYBACK_MULTIROW,荒尾,19990115,4,source_rows=2
PAYBACK_MULTIROW,荒尾,19990213,5,source_rows=2
PAYBACK_MULTIROW,荒尾,19990221,1,source_rows=2
PAYBACK_MULTIROW,荒尾,19990321,2,source_rows=2
PAYBACK_MULTIROW,荒尾,19990321,5,source_rows=2
PAYBACK_MULTIROW,荒尾,19990529,2,source_rows=2
PAYBACK_MULTIROW,荒尾,19990530,10,source_rows=2
PAYBACK_MULTIROW,荒尾,19990821,5,source_rows=2
PAYBACK_MULTIROW,荒尾,20000109,8,source_rows=2
PAYBACK_MULTIROW,荒尾,20000629,2,source_rows=2
PAYBACK_MULTIROW,荒尾,20000915,5,source_rows=2
PAYBACK_MULTIROW,荒尾,20010116,4,source_rows=2
PAYBACK_MULTIROW,荒尾,20010207,11,source_rows=2
PAYBACK_MULTIROW,荒尾,20010313,3,source_rows=2
PAYBACK_MULTIROW,荒尾,20010429,8,source_rows=2
PAYBACK_MULTIROW,荒尾,20010624,10,source_rows=2
PAYBACK_MULTIROW,荒尾,20010819,9,source_rows=2
PAYBACK_MULTIROW,荒尾,20011030,10,source_rows=2
PAYBACK_MULTIROW,荒尾,20011218,4,source_rows=2
PAYBACK_MULTIROW,荒尾,20020428,9,source_rows=2
PAYBACK_MULTIROW,荒尾,20020514,2,source_rows=2
PAYBACK_MULTIROW,荒尾,20020821,2,source_rows=2
PAYBACK_MULTIROW,荒尾,20021002,7,source_rows=2
PAYBACK_MULTIROW,荒尾,20021112,9,source_rows=2
PAYBACK_MULTIROW,荒尾,20021113,4,source_rows=2
PAYBACK_MULTIROW,荒尾,20030311,9,source_rows=2
PAYBACK_MULTIROW,荒尾,20030507,2,source_rows=2
PAYBACK_MULTIROW,荒尾,20030902,6,source_rows=2
PAYBACK_MULTIROW,荒尾,20030909,10,source_rows=2
PAYBACK_MULTIROW,荒尾,20031001,9,source_rows=2
PAYBACK_MULTIROW,荒尾,20031203,3,source_rows=2
PAYBACK_MULTIROW,荒尾,20040526,7,source_rows=2
PAYBACK_MULTIROW,荒尾,20041215,3,source_rows=2
PAYBACK_MULTIROW,荒尾,20050427,2,source_rows=2
PAYBACK_MULTIROW,荒尾,20050601,5,source_rows=2
PAYBACK_MULTIROW,荒尾,20051129,2,source_rows=2
PAYBACK_MULTIROW,荒尾,20060102,6,source_rows=2
PAYBACK_MULTIROW,荒尾,20060621,6,source_rows=2
PAYBACK_MULTIROW,荒尾,20060725,7,source_rows=2
PAYBACK_MULTIROW,荒尾,20061223,10,source_rows=2
PAYBACK_MULTIROW,荒尾,20070123,6,source_rows=2
PAYBACK_MULTIROW,荒尾,20070503,5,source_rows=2
PAYBACK_MULTIROW,荒尾,20070626,4,source_rows=2
PAYBACK_MULTIROW,荒尾,20080123,2,source_rows=2
PAYBACK_MULTIROW,荒尾,20080227,5,source_rows=2
PAYBACK_MULTIROW,荒尾,20080305,3,source_rows=2
PAYBACK_MULTIROW,荒尾,20080320,2,source_rows=2
PAYBACK_MULTIROW,荒尾,20080719,1,source_rows=2
PAYBACK_MULTIROW,荒尾,20080910,10,source_rows=2
PAYBACK_MULTIROW,荒尾,20081229,6,source_rows=2
PAYBACK_MULTIROW,荒尾,20090304,6,source_rows=2
PAYBACK_MULTIROW,荒尾,20090317,7,source_rows=2
PAYBACK_MULTIROW,荒尾,20090411,7,source_rows=2
PAYBACK_MULTIROW,荒尾,20090422,1,source_rows=2
PAYBACK_MULTIROW,荒尾,20090422,3,source_rows=2
PAYBACK_MULTIROW,荒尾,20090429,8,source_rows=2
PAYBACK_MULTIROW,荒尾,20090618,2,source_rows=2
PAYBACK_MULTIROW,荒尾,20090701,3,source_rows=2
PAYBACK_MULTIROW,荒尾,20100112,8,source_rows=2
PAYBACK_MULTIROW,荒尾,20100316,6,source_rows=2
PAYBACK_MULTIROW,荒尾,20100723,10,source_rows=2
PAYBACK_MULTIROW,荒尾,20100821,5,source_rows=2
PAYBACK_MULTIROW,荒尾,20100924,1,source_rows=2
PAYBACK_MULTIROW,荒尾,20101112,6,source_rows=2
PAYBACK_MULTIROW,荒尾,20101230,10,source_rows=2
PAYBACK_MULTIROW,荒尾,20110114,6,source_rows=2
PAYBACK_MULTIROW,荒尾,20110715,11,source_rows=2
PAYBACK_MULTIROW,荒尾,20111007,10,source_rows=2
PAYBACK_MULTIROW,荒尾,20111202,1,source_rows=2
PAYBACK_MULTIROW,足利,19980531,5,source_rows=2
PAYBACK_MULTIROW,足利,19980830,1,source_rows=2
PAYBACK_MULTIROW,足利,19981118,3,source_rows=2
PAYBACK_MULTIROW,足利,19990116,5,source_rows=2
PAYBACK_MULTIROW,足利,19990120,9,source_rows=2
PAYBACK_MULTIROW,足利,19990424,3,source_rows=2
PAYBACK_MULTIROW,足利,19990613,10,source_rows=2
PAYBACK_MULTIROW,足利,19990614,10,source_rows=2
PAYBACK_MULTIROW,足利,20000806,4,source_rows=2
PAYBACK_MULTIROW,足利,20010221,8,source_rows=2
PAYBACK_MULTIROW,足利,20011005,10,source_rows=2
PAYBACK_MULTIROW,足利,20020227,6,source_rows=2
PAYBACK_MULTIROW,足利,20020927,6,source_rows=2
PAYBACK_MULTIROW,足利,20030303,10,source_rows=2
PAYBACK_MULTIROW,足利,20030303,9,source_rows=2
PAYBACK_MULTIROW,金沢,19980629,10,source_rows=2
PAYBACK_MULTIROW,金沢,19980809,6,source_rows=2
PAYBACK_MULTIROW,金沢,19980831,4,source_rows=2
PAYBACK_MULTIROW,金沢,19980914,6,source_rows=2
PAYBACK_MULTIROW,金沢,19981102,4,source_rows=2
PAYBACK_MULTIROW,金沢,19981103,8,source_rows=2
PAYBACK_MULTIROW,金沢,19981206,10,source_rows=2
PAYBACK_MULTIROW,金沢,19981215,7,source_rows=2
PAYBACK_MULTIROW,金沢,19981221,10,source_rows=2
PAYBACK_MULTIROW,金沢,19990105,2,source_rows=2
PAYBACK_MULTIROW,金沢,19990503,3,source_rows=2
PAYBACK_MULTIROW,金沢,19990601,8,source_rows=2
PAYBACK_MULTIROW,金沢,19990809,8,source_rows=2
PAYBACK_MULTIROW,金沢,19990822,4,source_rows=2
PAYBACK_MULTIROW,金沢,19990830,5,source_rows=2
PAYBACK_MULTIROW,金沢,19991031,7,source_rows=2
PAYBACK_MULTIROW,金沢,19991205,10,source_rows=2
PAYBACK_MULTIROW,金沢,19991206,7,source_rows=2
PAYBACK_MULTIROW,金沢,20000423,4,source_rows=2
PAYBACK_MULTIROW,金沢,20000504,4,source_rows=2
PAYBACK_MULTIROW,金沢,20000504,8,source_rows=2
PAYBACK_MULTIROW,金沢,20000626,9,source_rows=2
PAYBACK_MULTIROW,金沢,20000730,3,source_rows=2
PAYBACK_MULTIROW,金沢,20000730,5,source_rows=2
PAYBACK_MULTIROW,金沢,20000904,1,source_rows=2
PAYBACK_MULTIROW,金沢,20010503,3,source_rows=2
PAYBACK_MULTIROW,金沢,20010617,10,source_rows=2
PAYBACK_MULTIROW,金沢,20010828,3,source_rows=2
PAYBACK_MULTIROW,金沢,20011013,8,source_rows=2
PAYBACK_MULTIROW,金沢,20011022,8,source_rows=2
PAYBACK_MULTIROW,金沢,20011027,1,source_rows=2
PAYBACK_MULTIROW,金沢,20011104,1,source_rows=2
PAYBACK_MULTIROW,金沢,20011110,10,source_rows=2
PAYBACK_MULTIROW,金沢,20011110,4,source_rows=2
PAYBACK_MULTIROW,金沢,20011210,2,source_rows=2
PAYBACK_MULTIROW,金沢,20011229,6,source_rows=2
PAYBACK_MULTIROW,金沢,20020106,6,source_rows=2
PAYBACK_MULTIROW,金沢,20020602,4,source_rows=2
PAYBACK_MULTIROW,金沢,20020923,8,source_rows=2
PAYBACK_MULTIROW,金沢,20020929,11,source_rows=2
PAYBACK_MULTIROW,金沢,20030525,7,source_rows=2
PAYBACK_MULTIROW,金沢,20030815,5,source_rows=2
PAYBACK_MULTIROW,金沢,20031012,1,source_rows=2
PAYBACK_MULTIROW,金沢,20031209,10,source_rows=2
PAYBACK_MULTIROW,金沢,20031221,5,source_rows=2
PAYBACK_MULTIROW,金沢,20040328,2,source_rows=2
PAYBACK_MULTIROW,金沢,20040411,3,source_rows=2
PAYBACK_MULTIROW,金沢,20040608,8,source_rows=2
PAYBACK_MULTIROW,金沢,20040808,7,source_rows=2
PAYBACK_MULTIROW,金沢,20040809,5,source_rows=2
PAYBACK_MULTIROW,金沢,20040913,5,source_rows=2
PAYBACK_MULTIROW,金沢,20040914,4,source_rows=2
PAYBACK_MULTIROW,金沢,20041011,9,source_rows=2
PAYBACK_MULTIROW,金沢,20041019,8,source_rows=2
PAYBACK_MULTIROW,金沢,20041128,8,source_rows=2
PAYBACK_MULTIROW,金沢,20041129,10,source_rows=2
PAYBACK_MULTIROW,金沢,20050411,3,source_rows=2
PAYBACK_MULTIROW,金沢,20050504,10,source_rows=2
PAYBACK_MULTIROW,金沢,20050531,1,source_rows=2
PAYBACK_MULTIROW,金沢,20050531,7,source_rows=2
PAYBACK_MULTIROW,金沢,20050619,2,source_rows=2
PAYBACK_MULTIROW,金沢,20050621,10,source_rows=2
PAYBACK_MULTIROW,金沢,20050717,11,source_rows=2
PAYBACK_MULTIROW,金沢,20051031,2,source_rows=2
PAYBACK_MULTIROW,金沢,20051206,4,source_rows=2
PAYBACK_MULTIROW,金沢,20060523,8,source_rows=2
PAYBACK_MULTIROW,金沢,20070624,10,source_rows=2
PAYBACK_MULTIROW,金沢,20071105,2,source_rows=2
PAYBACK_MULTIROW,金沢,20071113,4,source_rows=2
PAYBACK_MULTIROW,金沢,20071209,1,source_rows=2
PAYBACK_MULTIROW,金沢,20080706,10,source_rows=2
PAYBACK_MULTIROW,金沢,20081202,6,source_rows=2
PAYBACK_MULTIROW,金沢,20090524,7,source_rows=2
PAYBACK_MULTIROW,金沢,20090628,8,source_rows=2
PAYBACK_MULTIROW,金沢,20090811,11,source_rows=2
PAYBACK_MULTIROW,金沢,20100601,9,source_rows=2
PAYBACK_MULTIROW,金沢,20100608,1,source_rows=2
PAYBACK_MULTIROW,金沢,20100914,1,source_rows=2
PAYBACK_MULTIROW,金沢,20101219,1,source_rows=2
PAYBACK_MULTIROW,金沢,20110403,6,source_rows=2
PAYBACK_MULTIROW,金沢,20110621,1,source_rows=2
PAYBACK_MULTIROW,金沢,20110703,4,source_rows=2
PAYBACK_MULTIROW,金沢,20111213,11,source_rows=2
PAYBACK_MULTIROW,金沢,20111227,10,source_rows=2
PAYBACK_MULTIROW,金沢,20120329,4,source_rows=2
PAYBACK_MULTIROW,金沢,20120902,2,source_rows=2
PAYBACK_MULTIROW,金沢,20130512,7,source_rows=2
PAYBACK_MULTIROW,金沢,20130709,5,source_rows=2
PAYBACK_MULTIROW,金沢,20131008,11,source_rows=2
PAYBACK_MULTIROW,金沢,20131124,6,source_rows=2
PAYBACK_MULTIROW,金沢,20131224,4,source_rows=2
PAYBACK_MULTIROW,金沢,20140511,4,source_rows=2
PAYBACK_MULTIROW,金沢,20140708,4,source_rows=2
PAYBACK_MULTIROW,金沢,20141118,3,source_rows=2
PAYBACK_MULTIROW,金沢,20141215,4,source_rows=2
PAYBACK_MULTIROW,金沢,20150407,2,source_rows=2
PAYBACK_MULTIROW,金沢,20150607,9,source_rows=2
PAYBACK_MULTIROW,金沢,20150621,1,source_rows=2
PAYBACK_MULTIROW,金沢,20160503,9,source_rows=2
PAYBACK_MULTIROW,金沢,20160710,5,source_rows=2
PAYBACK_MULTIROW,金沢,20160802,4,source_rows=2
PAYBACK_MULTIROW,金沢,20160816,7,source_rows=2
PAYBACK_MULTIROW,金沢,20161030,9,source_rows=2
PAYBACK_MULTIROW,金沢,20170423,5,source_rows=2
PAYBACK_MULTIROW,金沢,20170514,2,source_rows=2
PAYBACK_MULTIROW,金沢,20171024,3,source_rows=2
PAYBACK_MULTIROW,金沢,20171121,9,source_rows=2
PAYBACK_MULTIROW,金沢,20180429,3,source_rows=2
PAYBACK_MULTIROW,金沢,20180515,8,source_rows=2
PAYBACK_MULTIROW,金沢,20181002,12,source_rows=2
PAYBACK_MULTIROW,金沢,20181016,2,source_rows=2
PAYBACK_MULTIROW,金沢,20181209,2,source_rows=2
PAYBACK_MULTIROW,金沢,20181209,8,source_rows=2
PAYBACK_MULTIROW,金沢,20181211,11,source_rows=2
PAYBACK_MULTIROW,金沢,20190421,6,source_rows=2
PAYBACK_MULTIROW,金沢,20190623,4,source_rows=2
PAYBACK_MULTIROW,金沢,20191001,8,source_rows=2
PAYBACK_MULTIROW,金沢,20191001,9,source_rows=2
PAYBACK_MULTIROW,金沢,20191027,9,source_rows=2
PAYBACK_MULTIROW,金沢,20191224,10,source_rows=2
PAYBACK_MULTIROW,金沢,20200429,7,source_rows=2
PAYBACK_MULTIROW,金沢,20200429,9,source_rows=2
PAYBACK_MULTIROW,金沢,20200519,9,source_rows=2
PAYBACK_MULTIROW,金沢,20200524,3,source_rows=2
PAYBACK_MULTIROW,金沢,20201108,3,source_rows=2
PAYBACK_MULTIROW,金沢,20210330,10,source_rows=2
PAYBACK_MULTIROW,金沢,20210413,2,source_rows=2
PAYBACK_MULTIROW,金沢,20210601,3,source_rows=2
PAYBACK_MULTIROW,金沢,20210613,6,source_rows=2
PAYBACK_MULTIROW,金沢,20210704,6,source_rows=2
PAYBACK_MULTIROW,金沢,20210720,6,source_rows=2
PAYBACK_MULTIROW,金沢,20210727,8,source_rows=2
PAYBACK_MULTIROW,金沢,20210923,9,source_rows=2
PAYBACK_MULTIROW,金沢,20211011,5,source_rows=2
PAYBACK_MULTIROW,金沢,20211205,1,source_rows=2
PAYBACK_MULTIROW,金沢,20220314,5,source_rows=2
PAYBACK_MULTIROW,金沢,20220315,3,source_rows=2
PAYBACK_MULTIROW,金沢,20220612,2,source_rows=2
PAYBACK_MULTIROW,金沢,20220911,8,source_rows=2
PAYBACK_MULTIROW,金沢,20221221,2,source_rows=2
PAYBACK_MULTIROW,金沢,20230411,4,source_rows=2
PAYBACK_MULTIROW,金沢,20230827,9,source_rows=2
PAYBACK_MULTIROW,金沢,20231002,12,source_rows=2
PAYBACK_MULTIROW,金沢,20231218,9,source_rows=2
PAYBACK_MULTIROW,金沢,20240910,9,source_rows=2
PAYBACK_MULTIROW,金沢,20240930,10,source_rows=2
PAYBACK_MULTIROW,金沢,20241203,3,source_rows=2
PAYBACK_MULTIROW,金沢,20250422,7,source_rows=2
PAYBACK_MULTIROW,金沢,20250617,9,source_rows=2
PAYBACK_MULTIROW,金沢,20251028,5,source_rows=2
PAYBACK_MULTIROW,金沢,20251228,11,source_rows=2
PAYBACK_MULTIROW,金沢,20260328,2,source_rows=2
PAYBACK_MULTIROW,金沢,20260712,1,source_rows=2
PAYBACK_MULTIROW,門別,19980103,10,source_rows=2
PAYBACK_MULTIROW,門別,19980423,8,source_rows=2
PAYBACK_MULTIROW,門別,19981118,9,source_rows=2
PAYBACK_MULTIROW,門別,19991117,2,source_rows=2
PAYBACK_MULTIROW,門別,20001102,10,source_rows=2
PAYBACK_MULTIROW,門別,20001121,5,source_rows=2
PAYBACK_MULTIROW,門別,20011004,9,source_rows=2
PAYBACK_MULTIROW,門別,20030923,12,source_rows=2
PAYBACK_MULTIROW,門別,20041027,9,source_rows=2
PAYBACK_MULTIROW,門別,20041102,2,source_rows=2
PAYBACK_MULTIROW,門別,20090930,7,source_rows=2
PAYBACK_MULTIROW,門別,20100512,8,source_rows=2
PAYBACK_MULTIROW,門別,20100713,1,source_rows=2
PAYBACK_MULTIROW,門別,20100720,2,source_rows=2
PAYBACK_MULTIROW,門別,20100824,11,source_rows=2
PAYBACK_MULTIROW,門別,20101118,8,source_rows=2
PAYBACK_MULTIROW,門別,20110901,7,source_rows=2
PAYBACK_MULTIROW,門別,20110915,11,source_rows=2
PAYBACK_MULTIROW,門別,20111004,4,source_rows=2
PAYBACK_MULTIROW,門別,20111101,7,source_rows=2
PAYBACK_MULTIROW,門別,20111116,10,source_rows=2
PAYBACK_MULTIROW,門別,20120614,4,source_rows=2
PAYBACK_MULTIROW,門別,20120731,5,source_rows=2
PAYBACK_MULTIROW,門別,20120808,8,source_rows=2
PAYBACK_MULTIROW,門別,20120809,12,source_rows=2
PAYBACK_MULTIROW,門別,20120809,9,source_rows=2
PAYBACK_MULTIROW,門別,20121017,8,source_rows=2
PAYBACK_MULTIROW,門別,20130711,1,source_rows=2
PAYBACK_MULTIROW,門別,20130717,9,source_rows=2
PAYBACK_MULTIROW,門別,20130730,10,source_rows=2
PAYBACK_MULTIROW,門別,20130814,11,source_rows=2
PAYBACK_MULTIROW,門別,20140423,6,source_rows=2
PAYBACK_MULTIROW,門別,20140710,10,source_rows=2
PAYBACK_MULTIROW,門別,20150618,1,source_rows=2
PAYBACK_MULTIROW,門別,20150625,6,source_rows=2
PAYBACK_MULTIROW,門別,20150813,1,source_rows=2
PAYBACK_MULTIROW,門別,20161101,7,source_rows=2
PAYBACK_MULTIROW,門別,20170919,7,source_rows=2
PAYBACK_MULTIROW,門別,20171018,7,source_rows=2
PAYBACK_MULTIROW,門別,20180606,6,source_rows=2
PAYBACK_MULTIROW,門別,20190605,9,source_rows=2
PAYBACK_MULTIROW,門別,20190717,6,source_rows=2
PAYBACK_MULTIROW,門別,20190730,9,source_rows=2
PAYBACK_MULTIROW,門別,20200423,7,source_rows=2
PAYBACK_MULTIROW,門別,20200428,8,source_rows=2
PAYBACK_MULTIROW,門別,20200604,11,source_rows=2
PAYBACK_MULTIROW,門別,20200818,11,source_rows=2
PAYBACK_MULTIROW,門別,20210713,1,source_rows=2
PAYBACK_MULTIROW,門別,20211006,6,source_rows=2
PAYBACK_MULTIROW,門別,20221025,8,source_rows=2
PAYBACK_MULTIROW,門別,20230830,6,source_rows=2
PAYBACK_MULTIROW,門別,20230831,8,source_rows=2
PAYBACK_MULTIROW,門別,20240515,4,source_rows=2
PAYBACK_MULTIROW,門別,20240612,7,source_rows=2
PAYBACK_MULTIROW,門別,20251002,12,source_rows=2
PAYBACK_MULTIROW,高崎,19980423,6,source_rows=2
PAYBACK_MULTIROW,高崎,19980530,8,source_rows=2
PAYBACK_MULTIROW,高崎,19981005,7,source_rows=2
PAYBACK_MULTIROW,高崎,19981011,2,source_rows=2
PAYBACK_MULTIROW,高崎,19981215,10,source_rows=2
PAYBACK_MULTIROW,高崎,19981215,2,source_rows=2
PAYBACK_MULTIROW,高崎,19990115,2,source_rows=2
PAYBACK_MULTIROW,高崎,19990207,4,source_rows=2
PAYBACK_MULTIROW,高崎,19990413,7,source_rows=2
PAYBACK_MULTIROW,高崎,19990515,9,source_rows=2
PAYBACK_MULTIROW,高崎,19990517,10,source_rows=2
PAYBACK_MULTIROW,高崎,19991002,8,source_rows=2
PAYBACK_MULTIROW,高崎,20000103,2,source_rows=2
PAYBACK_MULTIROW,高崎,20000104,5,source_rows=2
PAYBACK_MULTIROW,高崎,20000520,10,source_rows=2
PAYBACK_MULTIROW,高崎,20010414,8,source_rows=2
PAYBACK_MULTIROW,高崎,20020114,4,source_rows=2
PAYBACK_MULTIROW,高崎,20020224,5,source_rows=2
PAYBACK_MULTIROW,高崎,20020630,8,source_rows=2
PAYBACK_MULTIROW,高崎,20020720,7,source_rows=2
PAYBACK_MULTIROW,高崎,20021101,7,source_rows=2
PAYBACK_MULTIROW,高崎,20030308,8,source_rows=2
PAYBACK_MULTIROW,高崎,20030524,4,source_rows=2
PAYBACK_MULTIROW,高崎,20031011,4,source_rows=2
PAYBACK_MULTIROW,高崎,20031129,2,source_rows=2
PAYBACK_MULTIROW,高崎,20040620,1,source_rows=2
PAYBACK_MULTIROW,高崎,20040703,4,source_rows=2
PAYBACK_MULTIROW,高崎,20040704,6,source_rows=6
PAYBACK_MULTIROW,高崎,20040911,6,source_rows=2
PAYBACK_MULTIROW,高崎,20041003,5,source_rows=2
PAYBACK_MULTIROW,高崎,20041010,11,source_rows=2
PAYBACK_MULTIROW,高崎,20041107,1,source_rows=2
PAYBACK_MULTIROW,高崎,20041127,4,source_rows=2
PAYBACK_MULTIROW,高崎,20041212,1,source_rows=2
PAYBACK_MULTIROW,高知,19980103,9,source_rows=2
PAYBACK_MULTIROW,高知,19980324,10,source_rows=2
PAYBACK_MULTIROW,高知,19980619,1,source_rows=2
PAYBACK_MULTIROW,高知,19981011,9,source_rows=2
PAYBACK_MULTIROW,高知,19981012,2,source_rows=2
PAYBACK_MULTIROW,高知,19981103,1,source_rows=2
PAYBACK_MULTIROW,高知,19990201,9,source_rows=2
PAYBACK_MULTIROW,高知,19990405,8,source_rows=2
PAYBACK_MULTIROW,高知,19990607,3,source_rows=2
PAYBACK_MULTIROW,高知,19990712,9,source_rows=2
PAYBACK_MULTIROW,高知,19990823,8,source_rows=2
PAYBACK_MULTIROW,高知,19990912,7,source_rows=2
PAYBACK_MULTIROW,高知,19991010,9,source_rows=2
PAYBACK_MULTIROW,高知,19991101,7,source_rows=2
PAYBACK_MULTIROW,高知,20000101,7,source_rows=2
PAYBACK_MULTIROW,高知,20000320,5,source_rows=2
PAYBACK_MULTIROW,高知,20000701,10,source_rows=2
PAYBACK_MULTIROW,高知,20000813,7,source_rows=2
PAYBACK_MULTIROW,高知,20010128,5,source_rows=2
PAYBACK_MULTIROW,高知,20010203,8,source_rows=2
PAYBACK_MULTIROW,高知,20010311,10,source_rows=2
PAYBACK_MULTIROW,高知,20010708,9,source_rows=2
PAYBACK_MULTIROW,高知,20011202,1,source_rows=2
PAYBACK_MULTIROW,高知,20011202,9,source_rows=2
PAYBACK_MULTIROW,高知,20020216,10,source_rows=2
PAYBACK_MULTIROW,高知,20020216,6,source_rows=2
PAYBACK_MULTIROW,高知,20020309,7,source_rows=2
PAYBACK_MULTIROW,高知,20020907,4,source_rows=2
PAYBACK_MULTIROW,高知,20020914,8,source_rows=2
PAYBACK_MULTIROW,高知,20021029,2,source_rows=2
PAYBACK_MULTIROW,高知,20030504,9,source_rows=2
PAYBACK_MULTIROW,高知,20030524,5,source_rows=2
PAYBACK_MULTIROW,高知,20040620,5,source_rows=2
PAYBACK_MULTIROW,高知,20040807,11,source_rows=2
PAYBACK_MULTIROW,高知,20041003,4,source_rows=2
PAYBACK_MULTIROW,高知,20050226,3,source_rows=2
PAYBACK_MULTIROW,高知,20050305,9,source_rows=2
PAYBACK_MULTIROW,高知,20050320,7,source_rows=2
PAYBACK_MULTIROW,高知,20050522,7,source_rows=2
PAYBACK_MULTIROW,高知,20050604,7,source_rows=2
PAYBACK_MULTIROW,高知,20050619,7,source_rows=2
PAYBACK_MULTIROW,高知,20050806,5,source_rows=2
PAYBACK_MULTIROW,高知,20050814,5,source_rows=2
PAYBACK_MULTIROW,高知,20060709,8,source_rows=2
PAYBACK_MULTIROW,高知,20060805,1,source_rows=2
PAYBACK_MULTIROW,高知,20060805,2,source_rows=2
PAYBACK_MULTIROW,高知,20060924,7,source_rows=2
PAYBACK_MULTIROW,高知,20070203,4,source_rows=2
PAYBACK_MULTIROW,高知,20070513,4,source_rows=2
PAYBACK_MULTIROW,高知,20070630,7,source_rows=2
PAYBACK_MULTIROW,高知,20071117,10,source_rows=2
PAYBACK_MULTIROW,高知,20080102,5,source_rows=2
PAYBACK_MULTIROW,高知,20080103,4,source_rows=2
PAYBACK_MULTIROW,高知,20080120,5,source_rows=2
PAYBACK_MULTIROW,高知,20081013,9,source_rows=2
PAYBACK_MULTIROW,高知,20081114,4,source_rows=2
PAYBACK_MULTIROW,高知,20090503,7,source_rows=2
PAYBACK_MULTIROW,高知,20100219,6,source_rows=2
PAYBACK_MULTIROW,高知,20100626,10,source_rows=2
PAYBACK_MULTIROW,高知,20100904,7,source_rows=2
PAYBACK_MULTIROW,高知,20101127,4,source_rows=2
PAYBACK_MULTIROW,高知,20101218,11,source_rows=2
PAYBACK_MULTIROW,高知,20101219,2,source_rows=2
PAYBACK_MULTIROW,高知,20101225,8,source_rows=2
PAYBACK_MULTIROW,高知,20110916,7,source_rows=2
PAYBACK_MULTIROW,高知,20111113,8,source_rows=2
PAYBACK_MULTIROW,高知,20111209,8,source_rows=2
PAYBACK_MULTIROW,高知,20120310,2,source_rows=2
PAYBACK_MULTIROW,高知,20120414,8,source_rows=2
PAYBACK_MULTIROW,高知,20120415,6,source_rows=2
PAYBACK_MULTIROW,高知,20120512,6,source_rows=2
PAYBACK_MULTIROW,高知,20120617,5,source_rows=2
PAYBACK_MULTIROW,高知,20120824,9,source_rows=2
PAYBACK_MULTIROW,高知,20120831,11,source_rows=2
PAYBACK_MULTIROW,高知,20120831,7,source_rows=2
PAYBACK_MULTIROW,高知,20121007,2,source_rows=2
PAYBACK_MULTIROW,高知,20121223,8,source_rows=2
PAYBACK_MULTIROW,高知,20130120,5,source_rows=2
PAYBACK_MULTIROW,高知,20130505,4,source_rows=2
PAYBACK_MULTIROW,高知,20130922,1,source_rows=2
PAYBACK_MULTIROW,高知,20131201,8,source_rows=2
PAYBACK_MULTIROW,高知,20140426,9,source_rows=2
PAYBACK_MULTIROW,高知,20140629,3,source_rows=2
PAYBACK_MULTIROW,高知,20141018,5,source_rows=2
PAYBACK_MULTIROW,高知,20141108,7,source_rows=2
PAYBACK_MULTIROW,高知,20141206,7,source_rows=2
PAYBACK_MULTIROW,高知,20141223,10,source_rows=2
PAYBACK_MULTIROW,高知,20141231,2,source_rows=2
PAYBACK_MULTIROW,高知,20150208,2,source_rows=2
PAYBACK_MULTIROW,高知,20150322,5,source_rows=2
PAYBACK_MULTIROW,高知,20150517,6,source_rows=2
PAYBACK_MULTIROW,高知,20150718,8,source_rows=2
PAYBACK_MULTIROW,高知,20150906,8,source_rows=2
PAYBACK_MULTIROW,高知,20150912,11,source_rows=2
PAYBACK_MULTIROW,高知,20151004,9,source_rows=2
PAYBACK_MULTIROW,高知,20160111,6,source_rows=2
PAYBACK_MULTIROW,高知,20160326,5,source_rows=2
PAYBACK_MULTIROW,高知,20160403,4,source_rows=2
PAYBACK_MULTIROW,高知,20160416,12,source_rows=2
PAYBACK_MULTIROW,高知,20160625,10,source_rows=2
PAYBACK_MULTIROW,高知,20170226,10,source_rows=2
PAYBACK_MULTIROW,高知,20170305,7,source_rows=2
PAYBACK_MULTIROW,高知,20170306,8,source_rows=2
PAYBACK_MULTIROW,高知,20170521,7,source_rows=2
PAYBACK_MULTIROW,高知,20170819,6,source_rows=2
PAYBACK_MULTIROW,高知,20171014,11,source_rows=2
PAYBACK_MULTIROW,高知,20171029,7,source_rows=2
PAYBACK_MULTIROW,高知,20171029,8,source_rows=2
PAYBACK_MULTIROW,高知,20181013,12,source_rows=2
PAYBACK_MULTIROW,高知,20181020,8,source_rows=2
PAYBACK_MULTIROW,高知,20181202,12,source_rows=2
PAYBACK_MULTIROW,高知,20190206,8,source_rows=2
PAYBACK_MULTIROW,高知,20190219,8,source_rows=2
PAYBACK_MULTIROW,高知,20190512,5,source_rows=2
PAYBACK_MULTIROW,高知,20190715,3,source_rows=2
PAYBACK_MULTIROW,高知,20191130,10,source_rows=2
PAYBACK_MULTIROW,高知,20200209,6,source_rows=2
PAYBACK_MULTIROW,高知,20200209,7,source_rows=2
PAYBACK_MULTIROW,高知,20200531,9,source_rows=2
PAYBACK_MULTIROW,高知,20210126,7,source_rows=2
PAYBACK_MULTIROW,高知,20210202,1,source_rows=2
PAYBACK_MULTIROW,高知,20210207,6,source_rows=2
PAYBACK_MULTIROW,高知,20210307,7,source_rows=2
PAYBACK_MULTIROW,高知,20210328,10,source_rows=2
PAYBACK_MULTIROW,高知,20210508,5,source_rows=2
PAYBACK_MULTIROW,高知,20210612,8,source_rows=2
PAYBACK_MULTIROW,高知,20210821,5,source_rows=2
PAYBACK_MULTIROW,高知,20210911,7,source_rows=2
PAYBACK_MULTIROW,高知,20211114,11,source_rows=2
PAYBACK_MULTIROW,高知,20220409,1,source_rows=2
PAYBACK_MULTIROW,高知,20220820,8,source_rows=2
PAYBACK_MULTIROW,高知,20221009,1,source_rows=2
PAYBACK_MULTIROW,高知,20221113,9,source_rows=2
PAYBACK_MULTIROW,高知,20230115,6,source_rows=2
PAYBACK_MULTIROW,高知,20230326,10,source_rows=2
PAYBACK_MULTIROW,高知,20230328,8,source_rows=2
PAYBACK_MULTIROW,高知,20230416,10,source_rows=2
PAYBACK_MULTIROW,高知,20231015,12,source_rows=2
PAYBACK_MULTIROW,高知,20231028,12,source_rows=2
PAYBACK_MULTIROW,高知,20231029,8,source_rows=2
PAYBACK_MULTIROW,高知,20240204,1,source_rows=2
PAYBACK_MULTIROW,高知,20240306,2,source_rows=2
PAYBACK_MULTIROW,高知,20240319,3,source_rows=2
PAYBACK_MULTIROW,高知,20240526,10,source_rows=2
PAYBACK_MULTIROW,高知,20241124,12,source_rows=2
PAYBACK_MULTIROW,高知,20250212,2,source_rows=2
PAYBACK_MULTIROW,高知,20250302,4,source_rows=2
PAYBACK_MULTIROW,高知,20250406,9,source_rows=2
PAYBACK_MULTIROW,高知,20250615,6,source_rows=2
PAYBACK_MULTIROW,高知,20250803,8,source_rows=2
PAYBACK_MULTIROW,高知,20250913,9,source_rows=2
PAYBACK_MULTIROW,高知,20250928,10,source_rows=2
PAYBACK_MULTIROW,高知,20251011,10,source_rows=2
PAYBACK_MULTIROW,高知,20251102,1,source_rows=2
PAYBACK_MULTIROW,高知,20260404,2,source_rows=2
PAYBACK_MULTIROW,高知,20260606,10,source_rows=2
PAYBACK_MULTIROW,高知,20260613,3,source_rows=2
PAYBACK_MULTIROW,高知,20260719,3,source_rows=2
